video_id,target_day30_views
7400582591771938090,253.3207777777775
7403167206978374958,397.54377777777825
7435124823820356906,2274.6801111111104
7409800970143714606,299.8721111111112
7410935177553333550,258.01766666666646
7432809888033656095,1578.6246666666646
7405432909278022955,58072.16466666663
7384996099955756331,343.1726666666668
7421705386400517406,144357.13722222229
7414296612047965470,566.7393333333332
7405005636637084974,2157.475555555557
7395033235912265002,97.3042222222221
7406526842401754398,223.10366666666664
7402767039548362027,2284.9125555555574
7387202628826008874,383.0278888888887
7435131105532988718,8536.617444444433
7396537190651677983,982.3333333333335
7415091981367479595,297.0277777777779
7412051047176359211,44892.14555555552
7402406665280048415,761.5443333333327
7405803040613141803,10943.426333333331
7407214747952663850,56.86666666666669
7422061083000589614,346.36666666666645
7409483348420365614,686.438
7399134846527868190,6575.206555555558
7398308009585200427,1555.3479999999997
7387968848881880366,1686.621444444445
7392787323831864619,818.6548888888891
7425026165921844523,650.7783333333339
7392370893202279723,267.9763333333336
7426170246320426286,21507.42833333336
7418401395553864967,2138.673777777778
7385679521246121223,243.465111111111
7395342453454458158,4937.77077777778
7433936792929209642,2201.665555555556
7418353610259500334,806.090333333334
7386109379944271146,2759.2426666666674
7428787675060194606,2271.8741111111112
7407207575680208174,1550.5352222222227
7393145639640501535,1592.9714444444444
7425088749089885471,435.8900000000001
7435474047145659678,7658.004666666673
7402046304215371051,330.790666666667
7434382150364826910,2671.9997777777776
7426899228078722334,261.47077777777776
7423959756324310314,1865.557333333333
7399096884222102826,201084.3383333333
7401682493629271342,820.4176666666673
7418739347882560811,51853.87100000004
7400612253604613422,160.46799999999988
7410551298208320814,346.79855555555554
7422834143098096927,2948.819555555554
7420976675564834079,269.04677777777783
7426577071427767598,96.78088888888885
7410943285612563755,2734.3668888888906
7416901150449929502,1602.8507777777784
7428366024162004255,3908.3124444444484
7418358321180134687,309.1308888888888
7390964003364670750,888.7262222222223
7387204071054200106,30999.819333333293
7386453463162572062,10251.082111111118
7435057046040431915,8146.794666666662
7411363294361013546,522.2930000000005
7406460963798437166,422.12355555555564
7394633431608528171,403.0153333333334
7399101881882119454,256.44044444444444
7417674637351472426,748.6216666666661
7394640227144568110,2830.4168888888908
7414995501646646574,957.2564444444452
7411672167026527534,448.13455555555595
7405433554634722606,1402.747222222224
7423902517496466718,682.1466666666666
7415749879533833518,312.24133333333305
7399810513766468907,215844.2355555558
7400238529617399070,750.7567777777772
7421350699532832031,14412.538777777774
7402078657465928991,39.27377777777782
7392808673279528222,14031.425222222226
7415404124210056490,470.58855555555544
7424703674397642030,16800.209333333332
7419489999558659359,187846.94522222236
7387182041995119918,41449.16033333326
7395049091043986730,418.251444444444
7405754593310788906,5000.561999999999
7386835238007196958,227.13222222222194
7428371782471748910,650.414333333333
7410622195556240683,316.7555555555554
7409867497534426398,357.946777777778
7404237097919368490,240.65777777777825
7433974466306247943,300.8117777777779
7428754759886097707,733.2821111111115
7429095385358175534,40098.573777777776
7434774989301239071,5522.4906666666675
7432845982120807722,25059.15500000002
7420586737040133419,882.9636666666659
7386805031988759839,592.034777777777
7399860960682593582,10686.822000000013
7399415688378600735,2808.9396666666653
7412400413778939167,613.6359999999997
7398299355205225771,18138.544222222205
7391627587631467818,545.102055555555
7417607977567374635,338.0222222222224
7402396772443737387,16041.523222222204
7402042601689386270,276.93877777777766
7403118620764622110,27989.217888888892
7428081974922824990,294.57399999999984
7405416980687129886,236.18311111111117
7422057833253883179,259505.97699999993
7419135592329415978,374.23488888888915
7424004112133475614,310.72533333333337
7385784706400324906,258.07366666666644
7401295918844185887,45788.82644444446
7390515745320373546,12341.185333333331
7418740691058216238,3554.5143333333326
7416905632097357086,183.21488888888885
7429465720859233566,1102.1789999999992
7386422957406506283,359.5689999999997
7406513564241988895,744.948444444444
7400537117132148011,228.18399999999988
7429514662275861791,909.8393333333338
7413606141797715230,2120.5891111111105
7415747895900556586,4379.424333333331
7433258385459514667,14519.108555555546
7417597951901568298,1184.5861111111117
7419101882007883054,3685.0353333333333
7390556921536793902,20215.865777777788
7386834163959221534,524.8692222222226
7403170967855303979,874.993333333333
7405750922518744363,118354.81455555564
7395354004898827551,629.5045555555573
7386810389679476014,717.8533333333331
7418032489047936286,2097.6823333333323
7429183279326137631,4002.7265555555523
7433298495043456302,71.56844444444447
7407610179648261406,375.4000000000001
7425044410687081771,392.8946666666665
7429508392458177835,867.9610000000005
7384593247043210539,20017.21222222224
7403119942674992426,3881.2101111111124
7396524940805131550,435.00388888888847
7395003414947597610,158.13766666666677
7399125064660176158,2134.341666666668
7418707411667520810,11260.013666666666
7402014296873372934,742.0842222222217
7429551240448707871,884.7572222222221
7405075980164877614,17808.60966666666
7434755987778719006,185.22977777777803
7404603897848794410,1017.2970000000004
7427305005612272926,456.85911111111125
7407617294114917678,476.3205555555554
7384597663850712366,1791.0458888888877
7387184300464098591,1218.7458888888893
7422835664300854558,12690.694333333338
7403571035041172766,65372.36566666666
7427704270004243755,108.21711111111118
7392013834191424811,546.7282222222221
7385388623253867807,285.2157777777778
7403157322547137835,2630.4091111111093
7435126104500784427,415.13672222222215
7402410113312492830,176.62777777777814
7428442114956004651,333.680111111111
7398018597068573994,551.9072222222225
7420195608205511979,37039.45755555549
7400568447739956510,1984.3519999999996
7393500623703919902,7330.972111111109
7384197193470676266,9686.619111111106
7425819627881631007,4469.690555555556
7391988856859413803,212.27444444444458
7394959859441028383,788.7068888888888
7392389808795946270,1484.6852222222205
7408689871612546346,3136.2411111111082
7426534462911089966,939.804555555557
7405760048045018398,633.8386666666671
7429487386511314219,1341.5275555555556
7400903317452377386,378.8662222222227
7395349807084260654,654.3255555555555
7386427295763811614,282.8051111111112
7429142783031610667,36567.77322222226
7389824480929041710,643.4683333333335
7384994809880137002,539.4347777777779
7399799011646967082,553.4274444444441
7427255125485309215,666.4351111111104
7426146829030477099,300.8494444444448
7435085768453868843,385.5732222222218
7385708038809816366,3720.4958888888905
7423174539900865838,284.4762222222223
7412028030144564510,971.5467777777769
7428790097413213482,3249.8336666666646
7402453012570049822,38.34011111111104
7392401531842153774,224.5304444444444
7404605429533281582,1269.5277777777774
7400968131398651179,329.60144444444467
7429536498334125342,827.4241111111115
7390528032202657054,2630.0216666666665
7400190911205887263,405.80933333333303
7433605080915447070,362.18155555555575
7425421366616247595,1129705.077555556
7385708418293665066,258.25566666666623
7423179464898579758,368.968777777778
7388354128382151982,303.8946666666663
7385042701953027374,18501.160222222217
7392038251499900191,3162.00811111111
7420996934216830251,4216.1977777777765
7429188930160839978,1933.423666666667
7391620705374276906,228.6987777777777
7408701167305379115,3300.791222222221
7394227723796761898,828.092222222223
7387939062126021930,912.2435555555558
7432881873254239531,44763.172444444404
7422145468760673567,2016.335333333332
7400936062324968747,1685.3995555555557
7434347745135037739,372.0667777777777
7397256243208834346,16370.571444444453
7406532297777876254,362.27477777777784
7393131409604414751,361.49966666666626
7410616747654532394,2019.4182222222223
7424655538329242911,2117.5456666666655
7435118899743477022,286.98966666666666
7386443898270256426,2779.4217777777794
7400537701524557099,405.8496666666667
7387941161249328430,375.05766666666665
7390180777595571487,628.589777777778
7405078626628013342,591.8885555555551
7426529114862963998,15169.759777777786
7386820472593370414,568.594111111111
7434681648970714411,629.2962222222224
7389027260826684702,354.7781111111106
7428767632909962542,902.930222222222
7392397597501148459,74659.0674444444
7408016031983144238,1267.6745555555526
7420970955939400991,116683.19477777764
7413938820191636779,492.0483333333341
7418008443040058655,412.72700000000015
7392392274816159018,762.9374444444446
7423180516393897247,268.70511111111136
7395005246159752491,1142.9493333333342
7416917268908674350,199.06444444444398
7387975451173522731,397.0838888888886
7429525800497499422,300.2652222222221
7425069066311699754,977.1815000000013
7411331198053584158,9039.93288888889
7420204643348811054,324.4513333333331
7402756653801590046,811332.7718888888
7422852768647482666,884.0496666666661
7428727887777303850,333.85744444444464
7410199291588807979,5110.466444444443
7394968268567481631,660.3897777777776
7410956772648799534,377.54844444444393
7406546018109558046,54.91733333333333
7422078732065672491,843.7465555555548
7417294048228134187,194752.89622222248
7409852350698966315,480021.034888889
7394960086201863470,358.0875555555556
7400913972762840362,224.35200000000034
7412049352065076522,370.71688888888923
7405033536081628459,427.0242222222225
7411005232026553631,747.7535555555547
7385030378458795294,162.09366666666654
7399809501030829354,293.8181111111109
7398747883777936683,448.25166666666684
7407965474635664686,912.6161111111126
7432907264069078303,316.2718888888888
7413508837736549674,69420.03555555567
7428031998515481887,1981.4548888888903
7420235476117867806,686.8645555555556
7429495899027655982,38600.09344444445
7413598688884297006,377.4899999999998
7399490260452855082,1481.1568888888905
7417647768728046879,571.6132222222222
7414334985060109611,543.7645555555561
7392762322667769118,31028.105000000014
7394623624965000494,11043.609888888885
7400595520424578346,744.6451111111104
7407608564271025454,2187.0422222222232
7427656492729371946,1104.4799999999996
7427994394915065119,15779.744666666662
7411689535488199979,504.7434444444445
7384957309576809759,327.6032222222222
7390177484827790622,253.6373333333333
7419844303398178090,340.8757777777775
7405036418600275246,343.696111111111
7397198664294288670,120.52655555555549
7434712238608567598,1367.313666666667
7394959055652932906,364.8413333333334
7400532286430645546,426.3163333333339
7410175337646132522,277.1783333333332
7395046297935367466,19258.4303333333
7392751274820750622,37974.77500000002
7395414429183003934,275.33500000000015
7418004597601586474,370.1333333333337
7399428049315401002,650.239888888889
7403136001821936939,292.9224444444446
7385339319537634606,657.9959999999999
7398696636412628266,334.49011111111133
7422081620112346411,18191.282999999996
7395756149515111723,258.9655555555555
7415445913704926506,325.87211111111094
7400254248883096874,71068.93888888918
7429540747432561963,1194.1584444444438
7389764738965589279,45.4667777777778
7420592303825227051,34848.57122222222
7389403396215721259,1047.2562222222227
7409145825797901599,374.815777777778
7423212846521027883,495.7945555555556
7420261050337217838,316.40588888888885
7394610117183917342,13183.217111111124
7433954474235940126,315658.28977777757
7421378987148037406,349.2238888888888
7384575308319509802,612.7880000000007
7425417968772861215,15634.344222222233
7415448300322655531,1321.8143333333328
7394304560434597166,1251.605777777777
7398700283506838830,393.1862222222216
7412041491641584927,432.9283333333335
7426883927329000735,4163.989888888885
7403497455452491050,688.8623333333336
7395801216229330206,335.13755555555554
7394612767757471006,3721.9878888888907
7414994317258919198,355017.94544444483
7415397552939420971,5133.965999999999
7395352300631411998,261.0984444444444
7419834661708238123,3124.8523333333314
7422813374213262635,635.371555555555
7389091579316981038,10044.517333333335
7389486626503757098,486.77600000000007
7387933753944870175,172.06211111111094
7396163828511395118,399.0322222222228
7420608648449248543,5089.343555555558
7392766090905931051,25943.239888888857
7418431055541128490,286.98800000000006
7423219891802492190,140.98700000000005
7433964421753474346,137094.29377777778
7407995977350630687,344.5982222222223
7421773158308384042,1327.1343333333325
7413919495514869022,400.7713333333335
7392057702962253087,9318.685888888895
7401697666700299563,220.48755555555567
7429507538544086315,3000.176333333332
7387967752755105067,608.8628888888887
7398334195405294891,782.9806666666669
7423231507571002666,2282.0761111111105
7389097864774831403,1521.7434444444445
7405070388075482411,7479.0088888888795
7427635514955681067,314.51299999999975
7388293919039048991,103.06533333333331
7426181853121383722,3172.709
7421392218679774506,414.5629999999997
7410985484731665710,699.9522222222228
7423608542239804702,4970.638555555557
7398339831627091243,354.4541111111111
7427294163944721707,327.3256666666666
7411295476340886826,6055.384555555557
7404240406524775711,1113.4594444444458
7429495389381791019,295.92522222222243
7433941383028804894,118736.42566666672
7388302551424273695,1264.3220000000017
7397213980906802462,2016.4418888888906
7426925064852950314,624.8604444444446
7387628532383452458,120.30355555555552
7409060904953859374,25383.70511111111
7401642893900893445,436.67399999999964
7385340393581448494,846.9338888888891
7426872690381737247,355.4153333333334
7398712566375075115,1144.7102222222222
7398007148438883627,1737.5783333333325
7426929611105193262,429.9784444444441
7389395496760036650,2049.7879999999986
7428030705935994154,72478.74655555557
7409116690690198814,5753.50911111111
7427247033351720238,528.7306666666667
7416891123186126110,394.65144444444394
7421360713245101358,453.33300000000077
7400575083112172831,6675.99155555556
7395742464155487534,43536.50144444444
7422075915041131822,2741.105666666667
7402473512465698078,352.0108888888888
7413527230707420447,1895.9405555555534
7407630574699040043,1415.259222222222
7418407464669908245,270.71411111111127
7398349927606127915,1207.3516666666674
7393879715712421163,661.6258888888887
7415365949727067423,92001.58711111103
7403932720469904671,309.23244444444447
7384290945795132702,1200.7953333333328
7424661727138155807,534.1436666666667
7415441162653207850,823.1501666666663
7408375049180286250,1973.1337777777774
7397586988041358638,417.1612222222225
7386445772125998379,193760.16944444441
7424270636438113567,1278.25511111111
7402393875828051231,185990.22588888864
7434334299891027243,357.2767777777781
7415816225286049055,1116.1416666666657
7411661711326973226,692.1729999999999
7422051463226002730,3326.846
7417322506526281002,112.44966666666676
7395777305232035115,380.6016666666667
7407235816231079211,277.4615555555559
7385700400219032878,697.3454444444441
7414667383672999210,2156.1651111111105
7425107228211809579,15700.713222222224
7386847268080454955,3799.8127777777804
7391290658176175403,5163.836444444449
7397987724830969134,1876.3736666666646
7423623992394779935,1153.2072222222223
7385745527989603630,2012.596333333335
7423217345629392158,272.36627777777767
7400524197547592990,1634.7043333333331
7424282716209810734,828.6893333333329
7416154005153271082,324.1972222222226
7398335505793813803,648.8441111111114
7386435551223631135,292.8433333333332
7385374732767759662,88069.30566666665
7389826284668505390,22468.774111111114
7411752599377988895,270.69544444444443
7396134872953195819,362.99677777777765
7412055821032541486,229.34788888888917
7413896742053170463,6532.507777777783
7387198951574916398,2129.9636666666656
7388701496424107295,212.91300000000007
7388296821514423598,396.75066666666675
7434736587876912415,1954.8465555555565
7433607368463617326,540.124333333333
7410549670939741482,802.1836666666658
7425054744852417838,49920.28322222222
7384620730752814378,163614.52433333336
7416869876393872682,614.3932222222226
7398766701501877547,1303.9795555555563
7429541108167773482,494.82933333333347
7390156670422371614,316.89411111111116
7419485885177007406,306.47622222222213
7385372761553751338,743.5305555555555
7385758657138543914,132581.58488888896
7396915871408606494,354.99588888888877
7384205914791841054,1299.1887777777774
7386438802920705310,267.0144444444444
7427989116983233835,416.14577777777754
7426570865447587118,502.90588888888885
7395326241865420078,74289.81677777776
7423911282526489861,436.1647777777783
7395018022962318638,1085.9627777777787
7398342470494457118,966.3771111111112
7433596551739575582,608.9917777777777
7384193851700956447,5479.953555555555
7410947420382563627,2654.8861111111073
7387193752521035039,337.81366666666656
7400952784071298347,509.5514444444443
7394614531265154346,1507.060111111111
7434736299304553758,575.7405555555553
7402392058461310239,285.3025555555553
7393934196844039466,15423.587888888887
7387608580414803243,2458.0075555555554
7391333019010829599,554.6535555555561
7387257706450619678,299.3499999999999
7388359966370893087,21597.642333333344
7384993289147059487,1035.8171111111117
7421404759460023595,1371.3201111111114
7426524693139803438,138130.8247777778
7400569448421264670,2514.380222222222
7421691490625178922,882.7845555555544
7421326589612346654,348.56166666666695
7415019093507558698,15365.594000000008
7401330867563531563,757.622777777778
7394988969085177130,850.0153333333335
7418041399553166622,8292.665111111115
7420210658639203627,32285.391
7432838520198270239,1481.0867777777776
7433619569496837407,311.3177777777778
7435496840549764383,204.05777777777783
7384261918338469163,286.44233333333324
7423923595925114158,979.9837777777786
7428010528275959071,1919.3819999999996
7413163917121211694,309.0871111111109
7404306277976788267,1550.196888888889
7384568214904196398,295.2771111111112
7400931668975996206,80274.52122222225
7415035847717915950,298.14600000000024
7413935453918727455,227.04333333333332
7391290115735227691,5046.157111111116
7384600223508663583,194260.0597777779
7391339380658523438,6950.776666666663
7403132688502131999,343.9985555555558
7418710881573309739,711.0102222222222
7389083608171957550,1116.8771111111105
7420581229101206827,56029.68
7399788370420862251,99550.43577777778
7388726083849571630,179.33211111111098
7385685044993608991,123.58766666666659
7402418576382102827,2571.5432222222225
7400589294718536990,15692.962888888895
7386843181629033774,1333.5691111111103
7401295239098469675,137.90511111111115
7397243510618852639,308.36111111111126
7423919094379973930,708.0037777777778
7413153773347966239,327.50699999999995
7391620637254520106,244.10244444444442
7403548894824516907,322.27411111111115
7409487330949467423,8749.191777777782
7411312786732797230,485.2384444444442
7405430892191157546,263.9546666666666
7386099410272488750,168.10588888888893
7413143559324437791,4247.46311111111
7413925155686124843,277.7003333333334
7416917118949657886,320.0724999999999
7403181042359717163,294.2185555555555
7429459156748307758,2279.453666666667
7426873679767850286,1247.131000000001
7425766248954252587,1023.8577777777775
7404999414785363231,853.6624444444451
7393100378729925931,831.2283333333337
7391248175408958763,307.8913333333331
7406098033580051755,833.679999999999
7407948888268623147,163765.59255555546
7418348844762598698,281.8404444444446
7425059684563897646,12014.541555555552
7392399378205560110,40502.24844444445
7412116772750511406,430.2584444444441
7413584649181531422,309.5170000000003
7434719154583702827,726.2698888888885
7384668972089740552,183.86844444444472
7403546718022765870,2215.8439999999996
7414266674393746719,458.3442222222224
7411292592937372974,457.9267777777776
7424318469522459950,241.73066666666674
7394316887674375466,31471.371555555557
7426889469862759710,263.3485555555555
7407995827823594782,258.8531111111113
7433291010924629294,3919.9498888888907
7395755756827512107,284.1925555555554
7426938990869171498,403.09555555555534
7407961383704284459,358.3941111111114
7415762833620667690,27127.01944444444
7415765026927037727,13274.970777777784
7390884805698686239,245.31055555555514
7389035149775654175,711.1440000000006
7415801296726330667,44189.11366666667
7405422873508203818,28693.97899999999
7388743114581773614,708.542
7404245465140645162,325.6477777777779
7388283704508042539,3926.226666666659
7390181099835591966,319.54933333333366
7422891211985259807,432.960444444444
7433252033542589739,2280.1267777777757
7387181363352341791,897.5123333333341
7406549649789603102,449.4888888888893
7433976974416153898,982.6379999999989
7400563587405597995,680.6757777777773
7390534465770097950,2436.3371111111123
7412067333780426026,334.69455555555584
7433635785645051179,1614.9802222222218
7402382030673055022,1418.9094444444438
7429095146538536234,37534.158111111086
7384603756479941930,1269.6021666666677
7415058600189545771,551.1323333333331
7399800966586912030,642.7830000000004
7418339401505213738,2535.795777777778
7427670441776516395,1917.751555555556
7415838639428554026,582.5387777777785
7415094777110154538,570.1467777777774
7414688650421701919,563.8038888888884
7416119166949723423,843.0096666666665
7425776657769729310,832.1858888888887
7403547370861923614,10424.596222222217
7403165429197278494,317.179888888889
7397964768516115742,142.70066666666668
7402033494806777131,662.5179999999991
7384663720175242542,315.32933333333324
7425019239548865822,509.61622222222235
7394316065599180062,170.138
7399413726488628510,335.65883333333323
7403584029187984671,1549.3175555555536
7390905975344991531,282.04255555555534
7392402919578012959,390.7365555555556
7405814428379270442,486.82877777777804
7428367426028342571,1212.03488888889
7398316817531325726,19233.958222222212
7427648909754862891,583.5796666666671
7415081871450656031,25027.522888888867
7384277925463510318,3048.2940000000012
7408751367034047790,497.28444444444426
7432869346449362219,25358.465333333334
7403497795463777578,283.8988333333334
7392764616062962990,350.5686666666663
7400556163554692382,4770.501111111107
7402789043211128107,288.8229999999999
7395337594881477931,126.17477777777779
7395420708467232031,242.58088888888912
7403593622861516078,281.90044444444476
7393946839004794155,359.3114444444442
7414311119189462318,1698.5812222222207
7387196035103214878,348.4302222222221
7428793083506052382,2231.3157777777737
7419150148187589919,1294.4373333333335
7417273060002123050,367.6945555555553
7385743995181321515,318.2908888888885
7397223426856979754,68.22277777777782
7422079637863320862,294.5933333333331
7413917731592097070,63.013111111111115
7426531577808801070,264.49866666666685
7427274662163533102,309.27544444444436
7392066331648068894,131.10611111111118
7402383238905302314,4496.9464444444475
7427276776709098794,11546.064222222214
7398712029931932970,1143.2295555555563
7399448619532733702,13165.294888888882
7433233099690986783,1386.1040000000012
7402797592943283498,9200.150444444436
7406505388834622766,615.184444444444
7396821962171059502,1158.5840000000007
7402043768297278750,392.800888888889
7384194754822655278,945.8215555555571
7386432036367650054,1306.5011111111119
7426514326036548906,137652.8235555557
7415079821300075819,1266.3821111111124
7408699443857411358,312.0008888888887
7398686249046871338,447.4654444444444
7398372832620612894,65968.26999999999
7403915084398873898,314.4076666666666
7433988853066714411,390.6676666666669
7384970458115902762,927.6501111111107
7410185562734300446,3789.839222222221
7423200412074806533,490.3338888888886
7412404598570339614,3332.4499999999994
7401298171319667999,269.9259999999998
7390185779521146142,481.5027777777779
7408686969724669214,431503.9002222216
7425023634210688298,439.8373333333339
7391642926847167775,4349.16977777778
7420246646199471402,34402.75488888887
7429101009680551198,4167.001333333337
7384200334689848622,351.6757777777779
7403871159160245535,1181.799555555555
7402826894904790302,204.61233333333334
7410591861070662958,21762.996833333287
7427284374707637534,281.3768333333332
7393187470420004127,250.19200000000004
7414659951009844511,586.8312222222223
7405357237851409706,340.1517777777776
7413539903545281822,1012.8999999999992
7386892633957879083,303.27366666666654
7413896132264201515,936.8815555555569
7414707552899845418,770.5348888888894
7395786015950081322,1021082.3231111108
7394262789302373675,1170.9976666666669
7402806057942142250,831.578555555555
7400960437375831304,162.74211111111106
7426930983737363743,776.5665555555561
7420278984786611474,182.14522222222237
7405761825146473758,289.68744444444445
7400895229508750635,315.1326666666667
7415086687988043051,341.152
7391688475646397726,548.8451111111101
7411698892447829279,66.41911111111116
7406532633108303146,1255.962777777778
7423973132949720366,788.9806666666669
7393108657082322206,4066.0100000000007
7386852423345720607,495.5633333333331
7396884785802530091,280.06911111111117
7385369497231822123,1318.7921111111104
7391256241835609387,325.2193333333332
7409512035186265387,1522.1562222222226
7411354476956683551,528.7483333333338
7386147782194728222,469.4833333333334
7396904852934413614,1546.6975555555553
7405055879369837870,392.43333333333374
7386072032674434346,1615.9495000000009
7426872257114279211,2641.1508888888898
7409144043441098014,82.89288888888898
7409129417882029355,1414.1986666666676
7398297302575664427,5078.174000000001
7403896836743875870,274.6217777777779
7407986364484046110,666.3806666666668
7391694498314702123,978.5786666666672
7398304513272073503,35850.29433333334
7425770443891641606,316.3599999999997
7402067709434940702,34.35166666666666
7387987928510680362,442.9033333333334
7421008504464346398,281.1455555555553
7389417793797541150,127954.29055555555
7399831042762411310,327.7782222222221
7426158329686281515,996.1809999999996
7408728957299756331,379.6298888888888
7405411562145697070,82973.48105555562
7407576457066892590,131963.54744444438
7418749866572008735,7911.428444444439
7429517796658253087,385.9084444444446
7416865995186326814,142389.00333333327
7397287435429793055,100985.87877777779
7400176270518127902,4286.653555555554
7391719892745145646,1221.7509999999993
7399487779408825642,391.6243333333327
7404638377221311775,2953.356999999998
7404673995636755742,558.4832222222224
7412042402925415711,578.5129999999998
7386340025107008814,1244198.1296666693
7399508584830111007,302.30122222222224
7387565233822289183,51086.86944444447
7435438213931470123,1135.2488333333329
7428767985587948846,924.5502222222214
7434026754534034719,89.72522222222203
7417599188210355487,1155.9805555555556
7401341884716649771,411.4494444444445
7427983606254996782,386.78388888888884
7393528234501098782,307.98033333333336
7420948790644854047,19675.29077777777
7410172864680365358,4338.256000000005
7407299792600157483,188705.65044444462
7405034913700924714,2099.3534444444435
7390196710544346411,1140.3232222222223
7412413064764575006,177957.6105555556
7407973184127143214,190309.04533333328
7424339078251957534,6081010.8686666535
7419078726287117610,423.0179999999995
7435424238183484714,4111.700888888891
7423964646085774622,2366.622888888888
7386071478946598187,1004.8452222222231
7414638235063766315,4169.059333333332
7392752650019736863,3538.036222222219
7416852482606845230,173.39344444444438
7418377541980802335,251.9779999999999
7402069243094748458,4236.372555555559
7424332453789093151,361.8539444444445
7425789599714200862,1820.0535555555557
7423977966297763114,1198.9701111111117
7407637730286374186,4470.886444444447
7419884825940741422,74.90588888888882
7419161558858681643,531.3302222222225
7395052777371749675,724.588111111112
7387561824616549674,985.7482222222234
7427249138246389022,57093.12244444451
7433275244103650591,1877.902555555555
7395400285625011498,49.19677777777774
7388647355962395950,149.82500000000005
7389048708509224235,368.8536666666666
7419094436115713323,308.2128888888887
7400201718429977887,2110.1376666666665
7403172804226534686,922.7625555555569
7418411105027935518,277.9282222222221
7404623838052404511,1257.2766666666669
7428766746280070443,5550.482444444446
7398371682122992927,84.30233333333328
7386156294199102766,480.8337777777778
7410545982456204586,431.22088888888885
7395042428178189599,258.68555555555537
7407636530405149998,19178.546777777774
7393554802929634590,632.0123333333329
7402836468508691758,521.7085555555557
7423209128522403118,1566.7843333333333
7407944258210155822,291.7758888888889
7414622083524644139,5042.91122222222
7408763701089602859,1057.1992222222232
7402433598378282283,14363.539444444437
7398725174759099690,1658.6176666666656
7428405535503846686,142.7916666666667
7394638516870860074,1494.227
7403932221133999406,309.44288888888866
7392766761562623263,153903.0622222223
7399476787375246638,311.77511111111113
7400157756591705375,6584.269444444444
7417972542960373023,4182.010777777774
7393197780631686430,276.21294444444425
7415007678226779435,3046.946333333336
7395706313612774686,1191.8896666666674
7389770130772856110,297.61977777777787
7434689659889798431,2608.7028888888913
7384594973729082667,797.1183333333338
7398019184682077482,380.74288888888884
7427346558317890847,2774.7938888888893
7412057785577278766,3164.308555555556
7415072173150178581,227.29722222222213
7435503385794792750,484.7619999999998
7427260861208595754,113.94166666666675
7398392248276159786,480.05877777777766
7396068689914776863,1096.2260000000003
7423212755127242026,407.1727777777779
7407958823509544223,7922.956111111118
7423584028424523054,746.5834444444442
7419877268786531630,676.2960000000005
7433258881050086699,446.55544444444456
7425101285864639787,523.748888888889
7389845960521682222,6219.928888888886
7395779709537144094,291.3454444444444
7401295511401057566,5324.132777777784
7402796367900462366,27678.511555555568
7417635846272060714,231.85633333333337
7419169332707626286,357.35333333333335
7392010165735656734,8940.855333333317
7426895289664933162,313.4135555555554
7415763144888323359,201.53355555555558
7423228738034208031,462.5195555555556
7404542212375186718,303.7981111111113
7400985493376224542,333.6058888888893
7385734096418377003,1318.5880000000009
7417278662589877534,281.787888888889
7411331112120667435,1250.5028888888899
7411310928219655470,65117.9186666668
7395715368548863263,15565.452777777808
7434258973521382698,10240.200777777773
7426189046134721823,1724.1701666666656
7429141874134371614,3552.440999999998
7423623194440994094,13825.609222222209
7390936545399754014,368.2364444444445
7429133387513744670,7656.317222222209
7389764419716435246,5311.154666666666
7397193956620111135,514.8008888888894
7411367691170368814,244.00244444444422
7395762477054692650,489.5855555555556
7425016437615398190,449.7652777777779
7394615855352663327,533779.7373333336
7413939005420588319,336.6588888888893
7393880922094882054,301.6478888888894
7416159412441681183,3127.1713333333346
7395017550293241118,250.36966666666666
7399798770608688414,381.21644444444433
7433982765441371423,248908.2126666665
7406134647102508318,519.7477777777782
7400214362595806510,15124.076777777791
7399073352524156206,405.4643333333335
7419159620918283550,413.8663333333329
7423215929808440607,915.0417777777774
7409483880828374303,496.90788888888846
7385713307610647851,405701.1363333329
7428400999632571654,16050.378222222222
7402732222337535278,17699.299111111097
7424689634841496863,15677.994222222223
7393554921670364446,414.2205555555558
7434745441176128810,497.3668888888894
7400566079170366762,536.2700000000001
7407948989523447071,789.8195555555557
7397584349526265131,46.426388888888845
7391660927092903211,13722.295666666669
7410594067387583775,844.3115555555548
7417318444028316974,162.11188888888879
7398323764569672991,477.61977777777776
7398010996746472747,374.2455555555557
7395335401566752030,367.9322222222223
7434780991522098475,117.51622222222227
7391988699791117599,1174.4104444444451
7385003689162984746,71.17011111111114
7425786259534122271,551.8332222222225
7395010211704196398,560.7061111111109
7400531895689219374,24229.69555555557
7390133310950837535,17587.949555555588
7423200157258255647,205.16277777777768
7386829702486428959,959295.0453333341
7427309474060258603,508.3524444444442
7426903547570113835,32569.40888888887
7405036189226454315,954.8212222222222
7427629577557511470,887.8673333333326
7409159408741043487,620.4142222222218
7413568124810743070,35.84455555555553
7434384517453925663,12979.946333333339
7392018102835350814,354.15122222222215
7407957461065387294,4851.337555555556
7387252499184471339,904.9123333333317
7408358508850105631,111149.31022222225
7403519563616357674,711.1838888888885
7424651011396242734,236.5222222222224
7435104195801304362,4334.707111111117
7386884018794515742,288.53200000000004
7402832351308385566,783.086
7426575357807054122,1489.836
7424684597960576287,262.4735555555555
7435140435565219102,57.994333333333316
7388009686970289454,154.72127777777763
7407991992879287595,376.84233333333333
7387586660210330911,3855.1327777777788
7426897349458349343,1255.023888888889
7396894240430624046,872.3165555555546
7425066746295356714,2147.562777777781
7390235003977878815,900.8123333333332
7408400883169398046,410.27733333333293
7394595649129286955,4123.726333333336
7413575469129321771,534.7573333333335
7421306885984357675,168.35811111111093
7424680199968607534,617.7896666666663
7400938561375178014,984.8889999999993
7425037123956264234,570.1398888888904
7397590936567418154,570.0528888888888
7409459404308860203,5020.136555555551
7408739302554799403,464.0883333333339
7412481644839374111,993.3640000000006
7384214115461451050,325.097333333333
7396099421940763950,510.332555555556
7402025198498729259,1636.2188888888868
7393137181398748459,289.3242222222224
7405754346601811230,484.15755555555603
7416183903733435691,1242.1790555555538
7392002998127398186,211070.37400000024
7433631684786097454,129.12466666666657
7414321050424593707,722.2415555555561
7410924769157074222,536.1202222222225
7424694193810951467,2033.5498888888874
7401360693565410590,45.243111111111034
7413891790165626118,142.28077777777764
7408355235397209386,270.65322222222227
7385690797318065454,298.3604444444444
7416869229963595039,3648.528333333334
7403195763871714603,1971.2323333333334
7389485289271545130,2130.575777777779
7401310296612097323,322.362888888889
7384254157101829418,686.7569444444443
7391275954716347691,1134.6711111111126
7414252129126337838,329.29644444444443
7428354375799622955,13728.198222222223
7403595606112898347,1836.7031111111123
7416944729582996767,964.286333333335
7407618875442957599,318.86933333333354
7394635807388126507,265.8446666666668
7396907049675738399,32.63188888888886
7396087098694094126,282.9444444444443
7410172550564613407,259.28194444444443
7426544227024145710,1425.62411111111
7427717955279916318,138.5312222222221
7385342068312247583,314.20555555555507
7426076055473032478,131546.67555555544
7419490755015806254,338.84977777777755
7417254770290855199,513.0246666666667
7420574225687334190,29792.564555555553
7423616242650467614,2309.6046666666693
7421363279575960874,17541.585333333333
7420646745647959327,642.0474444444444
7434000156929887518,696.0788888888886
7429570583446211870,218.59999999999997
7423551981282741547,340.92811111111104
7384255424867962155,777.8648888888887
7411701646943587614,325.9172222222223
7389081832677051678,152.6796666666667
7416932844955700526,37747.40899999998
7408768039568690474,621.5761111111113
7384970726140382506,1858.823111111111
7429156075091299614,126.31433333333324
7395797378990640427,427.6994444444441
7415405679579565354,36904.34144444439
7414282015484284202,212.8094444444445
7427251367112166662,20151.761000000002
7400567792795176222,4392.661444444443
7408009000114998570,162768.89966666664
7424734316481072426,333.123555555556
7403197342783999262,613.991222222222
7417612316205845806,349.08199999999994
7425076036582378782,290.03422222222207
7408372699841498398,18043.647222222215
7400949495770385710,1124.2481111111117
7389803937492143390,4284.562666666667
7409060728629366047,282.5997777777779
7420995984936815918,474.5934444444444
7384295081311866158,12340.198111111107
7434709448045825326,433.6627777777776
7392396362500934942,596.2070000000001
7407612246962228526,28586.207444444466
7418804365797887278,467.1833333333333
7387200823564029230,3490.1611111111097
7428367716370730271,1412.102055555557
7395741836356242730,1433.3725555555566
7418340545518505246,165.86833333333342
7427981206282636586,807.3391111111115
7407637457912499486,292.0707777777779
7424670439080840494,150.7226666666668
7401334079918050591,821.7692222222227
7429536580676685099,874.249666666668
7392371291090636062,345.0444444444444
7421692631220030725,5404.029888888892
7423953349927537962,11768.14899999999
7393150552718265631,286.3887777777778
7398299297852263710,149.87477777777767
7395001656234085674,155.58933333333314
7387249093472537886,1516.7904444444437
7399128588861066539,369.4763333333328
7435472501876018478,682.9366666666668
7412457068524768542,34571.545666666694
7400563482573147423,4539.808555555554
7402808688899034398,1123.882555555556
7402442088526171434,351.55877777777766
7427308766904732959,4348.394222222221
7398684979024203039,789228.4057777785
7410598088995261727,1017.2532222222236
7393876235501243690,83023.24744444469
7412079482787384618,263.63100000000003
7432841836290493727,1283.2075555555564
7387612252540521771,33499.21099999997
7389392999714704682,325.66144444444416
7429152585501658411,10339.963333333342
7395371056594226478,290.97533333333325
7410636281065098538,353.5313333333334
7425109824616221998,498.63299999999975
7386426669113920814,12058.958888888894
7385337536526388526,100.85611111111103
7398365656757996846,375.47033333333354
7384983868035779886,418.5116666666666
7414266147165572394,478.702666666667
7397221859458321710,283.58655555555555
7406460804234743086,1026.9595555555563
7387237746206706949,335.48944444444453
7397216448277564718,312.1237777777779
7410179663953268011,476.67955555555534
7402448859412139295,3883.000888888884
7401361586880924959,73035.91722222217
7393148983025208581,31206.069444444463
7385376360107117855,196.37966666666685
7384648452493397279,16160.677333333337
7386053398098873643,3199.667666666668
7411327654412111150,531.9203333333329
7433288733526330654,1894.4187777777754
7401255591278071070,2697.957777777779
7393143789914869038,2855.3637777777767
7424370585196629291,683.1133333333327
7426579036014513439,694.6729999999995
7387606907848150318,312.5605555555556
7402759889312943403,8144.508222222217
7392373937658727710,283.67311111111127
7389020061857500458,679.2366666666667
7418797517803982110,441.38877777777765
7410203478796291374,33028.95366666665
7415425241108794667,355.1256666666672
7398366678242970926,845.4385555555546
7392032641324780830,278.53388888888907
7429159424272387358,3076.5924444444436
7419152031266409771,14169.415555555564
7433946067495931178,307.6192222222223
7412411877864557866,475.324333333333
7385038492939586858,1388.1593333333324
7409104220915289386,23291.11466666666
7420562602700344607,1066.5385555555563
7423530832683355422,470.7718888888889
7394651349557808414,378.93877777777726
7434715867931299115,353.81622222222273
7412478285415812382,268.50644444444464
7392401794195901738,260.5492222222224
7398746473405402414,45911.65200000002
7404300684742446367,170210.85155555565
7396499365931601194,355.15999999999974
7400196719088061726,229.1219999999997
7394681457588866334,212.92649999999978
7415769462600682794,9100.140666666672
7391295259889732906,420.31300000000016
7420200764590607658,439.6802222222217
7384985850108448043,507.57911111111133
7384207980855676190,19658.72188888889
7429542051718499627,379.1088888888892
7409132620862508334,139.5923333333333
7415401524500712735,109149.54388888896
7405818686969269546,102781.38722222218
7395372140524064030,304.0257777777774
7394979796519898410,727.7923333333333
7397941507581480238,258719.06766666664
7422066833299197214,484.5042222222224
7398753064569605418,1394.2083333333346
7397939795504188715,20791.276222222237
7398351928146595118,696.4156666666671
7407290288718482734,372.9236666666667
7390524116190743838,12569.799777777773
7403129543650856238,584.6604444444442
7414319447080684846,14303.371222222218
7408716338664901930,369.64522222222234
7385315576853318955,288.97611111111075
7409814843366165791,3156.3413333333338
7389485467005111594,430.9316666666665
7432836348903542047,5419.220777777779
7386137461795081503,213.64455555555546
7398684386293484842,375.2822222222222
7409496905832484142,420.0536666666669
7432907582852910379,558.7815555555546
7397630220963990815,301.0465555555554
7387911558216666399,1377.2752222222223
7399417049161780523,1285.9003333333328
7389030009916149023,426.71677777777774
7424286252578426142,982.146222222222
7393563741142535470,679.8171666666667
7386488145539304735,1196.2204444444442
7417605161083751710,906.6183333333337
7406458872015113503,24873.973111111118
7426163151063797038,3029.868
7402435390482828586,9392.616888888888
7400915236896689438,339.6627777777777
7395709242164006190,2168.406222222222
7414300392240024874,1827.2975555555554
7409885912836033838,2450.318999999999
7413947582830906655,64495.552222222315
7415739563118791942,286.5861111111112
7434318749081275694,4197.937444444441
7410939360125734187,1131.2000000000003
7395800346339085598,325.3772222222225
7415377435409255726,731.3120000000016
7416135098128502047,36473.64188888889
7433960547630206254,594.4072222222219
7414292458302901547,523.0046666666668
7403891474292608287,3146.2673333333346
7410916850516659487,275.7583333333334
7417670552573299998,3536.0383333333307
7407219448794352926,255.94866666666698
7433297588129991979,4834.508000000001
7389453711795555630,237.37799999999993
7407274708145573163,33162.881777777795
7387945890117471519,38780.87577777779
7421722953328512287,347.78111111111093
7408700213558267182,776.1120000000004
7410544054657699114,904.943777777778
7384583686013930782,290.5184444444443
7420574272852118814,2262.295111111112
7419152311089368350,70215.89411111105
7396870263993847082,360.80977777777775
7415755397585325342,379.42622222222224
7405768533516225838,333.15133333333347
7414622344456441118,514.9728888888893
7427702933392805162,319.7548888888888
7402839693538118942,206.43922222222224
7407987543263776043,46487.81577777776
7408775878869634334,329.4321111111113
7420960829341797674,314.9566666666668
7410917569588186398,359.8410000000003
7396497899489725742,94.18933333333322
7425031556370320686,30990.696222222225
7389030032934522155,819.5403333333336
7417253265513024814,12601.936222222219
7415470057154727210,695.859277777778
7388311963350076714,353.6347222222221
7396863890283367711,516.4494444444447
7434305824920538398,26233.697222222254
7395359145559444778,164.80544444444476
7428734440232275242,662.6544444444444
7389067314479566126,2365.2675555555556
7434730963977997599,2487.2658888888905
7420979730733698346,17864.293444444455
7425801126647303467,374.148888888889
7425393280113839402,518.6117222222227
7426908634862456106,371.7738888888889
7417616047852801311,311.776111111111
7420230263805840682,1213.0991111111102
7406127195392871711,210.13988888888915
7424706159703051551,790.089222222222
7416128843750100266,20368.979222222155
7400588359292439850,128.9228888888889
7413882204670971167,496.1718888888888
7395391251836669215,1406.7223333333343
7394268585582955806,660.998333333333
7427265483088334110,144.9638888888888
7405765043331157294,15427.435222222219
7428728679666158891,678.512111111111
7389829902406634783,69.04022222222221
7419839212461247790,1559.4633333333336
7385341239933095211,7542.746222222228
7400574206754180395,296.8438888888886
7421674272143215914,212.33511111111113
7422811001722146094,4170.061444444449
7425757257230454046,18817.15433333333
7427278849244728606,329.7900000000001
7428808902357060906,276.54677777777795
7386121917708668202,6683.750666666668
7406465980001570079,304.35355555555583
7392056436051905838,280.979888888889
7434698260997999915,366.6612222222221
7423956553448934699,4870.903777777779
7428405223095389470,314.33877777777786
7398676446803250462,11569.998111111097
7391252514529627434,149686.7897777778
7429468832852462890,592.2747777777773
7396822873274420523,384.9113333333338
7420965313279266079,1288.1434444444449
7421347699372625198,469.2141111111107
7411335562130427167,650.5051111111117
7428018540478860575,78003.77766666672
7435130474999319851,5793.376111111114
7427336213415087390,440.39511111111045
7402851386217483551,1041.8523333333333
7408329444689055018,319.07511111111165
7386847467217734955,124297.80188888898
7384602777055530282,278.8150000000001
7392747961484135722,798.4776666666668
7392428909888802091,3797.9139999999993
7428797611034840350,1669.2240000000004
7384605735444974894,738.5026666666669
7391290074211585311,940104.1448888893
7429551149583322399,273.13544444444454
7404255747460287790,472.36022222222186
7402080498278829355,43442.72022222221
7428779902763142431,1507.5029999999997
7398376230635982111,1278.4517777777776
7388337502211394859,298.7508888888894
7421340076178722094,393.32288888888905
7416897441384959238,262.6381111111113
7387182317346786603,909227.5957777782
7408336827205045550,1134.314444444445
7391644627956288799,1083.1505555555573
7409814683273760005,336.41522222222227
7426917387854744878,936.0430000000003
7391993043043274014,17163.112777777795
7434728082168237354,1317.73077777778
7418348745076591902,7251.991888888888
7386825888098192683,4088.1772222222226
7393526243968306475,520.365111111111
7407265486137740574,545.3949999999996
7389841761805290795,349.21722222222246
7394249755460717855,944.5095555555562
7402816468989070635,397.10755555555573
7389770616355786014,94758.35022222223
7424372763902659886,583.1729999999995
7411288796735507743,325.80133333333333
7398756968753548574,329.01200000000006
7429498298479725867,5513.02766666667
7404677486904151339,384.21533333333343
7405045738822012190,406.2762222222223
7401639420228652318,93041.28955555556
7417650545340468522,643.7018888888882
7401681569758334238,140732.38500000007
7409138070705933611,1421.992666666669
7399436874286255390,307.70111111111106
7423561838996000043,4626.903111111107
7386814380043734315,648.5690000000003
7396510285898583338,2975.3101111111087
7403878050678721838,770.115777777778
7400225585290677550,897.2184444444438
7402442183602621738,618.4975555555561
7434762311144951082,275.0011111111111
7387999244050910494,835.4059999999993
7423908049795943722,538.8811666666666
7402754818994949419,45764.70955555551
7419091863946448174,2577415.5474444493
7384985368178724126,444.8594444444445
7410559672412851486,337.6988888888891
7408372822059355422,444.43311111111115
7420584983598845230,276.652888888889
7396910332003798318,495.9711111111113
7418403216406154538,817.9212222222228
7419140350138223918,107.83755555555558
7391665087376903467,382.63899999999984
7427662274518682923,105361.97422222227
7429474546979327278,17892.714000000014
7429539173587111210,2836.156666666665
7432835979687365918,18507.990222222215
7395793115182910763,2772.684555555555
7409510773040434474,853.9697777777784
7418717565821668651,256.7873333333334
7397249950272326943,429.6537777777777
7399830589378940203,646.6394444444452
7414683843069791530,254.64372222222232
7394239061621214506,291.4827777777779
7434681546159836459,998.5381111111124
7414297074470014238,576.1866666666666
7390553609244560671,142.44377777777774
7385014043808992555,3588.115333333334
7390937029753933102,1291.9342222222213
7418397130810854686,297.54200000000026
7432816875987406111,120312.11722222209
7420999655779044650,296.40966666666674
7389428304433990942,19503.258111111092
7428194108067286302,1335629.767111111
7390194767612611886,1456.0883333333336
7429468680485915946,18460.1722222222
7433609608888978731,698.7501111111119
7428044485189274923,589.9192222222218
7428429779160059182,560.0638888888889
7422118274571455790,13568.721000000005
7390137050684525855,367.7325555555557
7423913443142454558,1143.737666666666
7398742033713630494,8050.4296666666705
7420624362908159262,1558.5177777777772
7428782328048143622,8725.606555555558
7397259985119448362,349.5177777777779
7407229531389545771,937056.8493333345
7386458169687526686,262.0407777777779
7386464885141474602,61.90499999999995
7411705531431210271,877.2967777777784
7386100539181780232,278.81222222222215
7399827056843918634,320.9658888888888
7392023380188302597,12534.648444444429
7415471425735216414,744.97
7396823917228281096,106.09288888888891
7433618484812287278,161.2424444444445
7391263417140514078,312.68766666666676
7393190663510117674,4745.6522222222175
7423162483109678382,537.2534444444447
7404291837151792427,5642.5953333333355
7405352570924862762,262017.56511111133
7400546876103314734,1240.5228888888885
7408006268687748395,791.7758888888885
7393893128291306794,1744.5723333333322
7403168206988447018,925.7001111111114
7421714493182381342,357.902111111111
7397225019920682282,138.85133333333326
7389448777570061611,339.0815555555556
7420942027476503839,1807.0992222222235
7386839905298648366,523.661
7433605551935868190,86.01011111111116
7400919607210429738,370.1585555555553
7425435365881695518,1947.3910000000003
7407621205487881515,805030.0232222222
7402807582106127658,1306.1970555555556
7399840110730054955,1155.4032222222222
7401695108434808106,2523.24355555556
7423552603142917418,947011.4697777788
7395750994967039262,530.7147777777781
7419546838476377374,743.8734444444448
7416172877474499870,20319.84944444439
7402082619459898667,752.3735555555548
7392374113031048478,204.86733333333322
7399792116072729899,3171.88588888889
7389101369275338027,668.0748888888883
7407294057321336094,1022.2667777777788
7413175678960520491,294.48888888888894
7394212359612419374,438.07744444444404
7419469518411468078,4436.569444444444
7428029094501027115,35818.40877777777
7406521865541405998,625.7331111111115
7387183818148515115,476.801111111111
7418002057451392299,315.448
7392804766725721386,250.63288888888871
7416106744494984478,396.28044444444447
7387548747284155690,191.62733333333338
7419086108245495082,10902.487000000005
7432830055698468127,385.75866666666684
7387981649809591598,400.4757777777778
7405347682639826222,213.08938888888903
7393916221155970334,356.8966666666668
7401638883546631470,244.99011111111096
7435074149669719327,1506.8952222222233
7414251343621164319,459.6102222222227
7405018870278507822,419.77688888888906
7395756837359979822,1917.704777777778
7399467825015950622,6913.707111111112
7423919155662834986,3641.8770000000027
7407603746093419819,741.9046666666675
7401357571082259743,267.7165555555557
7396174710377221422,551.9273333333335
7425397606479629610,56039.58877777779
7386065167064403246,355.992777777778
7433614121737719082,93408.4421111111
7392092395963206954,3388.7841111111056
7413939204876455199,180.47488888888898
7390172957185756447,500.65855555555584
7425109501809904926,910.8041111111107
7387625911538945322,23943.252666666653
7386069192019021098,6163.578333333333
7393174723808464171,400.49711111111145
7387241370051693867,357.50188888888886
7387219313289121067,469.8107777777775
7429160527449820462,2399.677444444445
7411352047469088031,372.5564444444446
7428382973721988395,198558.27622222216
7405388498468998430,1199.3097777777784
7405047752037797166,11805.416888888883
7423195345099705643,4819.361111111115
7396488939114106154,318.7316666666671
7400192588877286687,454.14488888888945
7407607111678512430,147.27744444444443
7402011081440267550,255.06599999999966
7391251622774541610,85460.18155555554
7391992834976484639,406.10066666666665
7419076315476659487,358.6880000000001
7390503949897420075,12575.640000000003
7395732410870123807,2954.1808888888895
7405767487108812063,9439.027444444444
7400187499794025774,814.3377777777778
7415458037046988074,1139.9429999999998
7416142382212713759,854.5820555555554
7410991347089378590,318.6094444444445
7403912506504187179,911.8364444444445
7421679207815728427,1688.943
7424351218144709934,319.1097777777779
7406155646153837855,455.03399999999976
7409890085744807210,112.34344444444446
7384212997520067886,306.6282222222224
7397616819151916331,6847.408111111114
7389429678404029727,236.7716666666667
7405736830219406622,55053.163666666675
7384236102875368735,152573.70188888916
7387980765243493662,281.3526666666666
7403519853862178079,22670.726222222213
7408351356525808942,1386.5382222222217
7398720186737626399,337.4112222222222
7403161508672245022,314.88700000000006
7403893469695020319,17483.264555555557
7423597566115335454,2445.3828888888925
7402053073448832286,1217.15
7421360776801209642,741.6666666666669
7395712557010537759,389.13855555555574
7392749625045781790,878.0336666666662
7394650615156084010,21539.418444444436
7410541370093423902,1936.6448888888879
7404267979208248594,301.9227777777775
7401338559204019486,417.93688888888914
7405361793234865454,16750.88411111111
7392370042941213998,43179.7511111111
7406493407687970094,1536.3999999999996
7392386818269809963,110541.86922222211
7393842368019057951,754.7044444444448
7402456718308838687,180.31066666666675
7388668694462729502,259.7184444444444
7409073007114620202,279318.47688888904
7385771740271545643,380.24566666666715
7394270243926854942,296.11888888888905
7407670520440720682,1538.9896666666673
7419132592773172526,952.1272222222221
7400627640303914282,1743.0797777777786
7409499405562219818,337.35655555555564
7384595929703140654,93.40999999999994
7423179350792588587,12296.066888888878
7407236185472371999,4812.44022222222
7418378717161852203,1452.7936666666678
7417230570536701215,806.0413333333337
7385027543277096234,974.5023333333339
7413194687755980063,853.2814444444447
7396825963792813354,874.3634444444448
7427653238553562414,406.75899999999984
7412412542288481567,919.3279999999995
7420196927607672110,1108.1091111111105
7401666816814189854,315.5406666666665
7414294214424415519,494.3265555555551
7385337594139331886,288.51166666666694
7394264918192606494,2057.917
7400609116051344682,391.2410000000001
7429468842172108075,332.3181111111112
7426555900174863659,664.7691111111106
7426918014580198699,1539.0680000000002
7387586687729175851,310.1065555555557
7411349388640931118,669.7182222222216
7389778456608886059,23672.606333333315
7416879740419624235,18703.32355555556
7386467156592053535,299.71855555555544
7384938675731205407,938.5336666666673
7397929197076745514,630.119888888889
7392030268380417326,1915.3755555555545
7401325462154267950,837.8275555555557
7397190876868463903,4793.229333333335
7403207943971261742,330.3737777777779
7391307523669642527,411.54377777777745
7420633251494055214,390.72199999999975
7403120169280752926,752.7123333333326
7387945474340195614,322.80466666666626
7425786913950371102,540.267666666667
7387169456646081823,8594.037999999999
7418042125029231877,262.18511111111127
7401288948091260191,274.4557777777778
7403167299861105962,115184.09244444442
7402455325699296542,1033.568333333334
7407959001876466975,1385.8450000000014
7384612032558976299,2760.477333333327
7398666988853169451,99030.55600000004
7390155880957791519,326.90211111111074
7418370168985816363,27868.695777777782
7434718716899659051,526.439777777778
7428392239870627103,1047.0506666666672
7405819019913202975,780.4782222222225
7417290527718018334,429.9968888888891
7410183888389311790,2048.4042222222215
7384658576314240299,478.0281111111112
7407128827744374058,370022.8352222218
7434682860147150126,976.3066666666665
7418755946899344683,766.2493333333325
7396847579956350238,10726.880777777784
7405746618860915998,116570.47433333323
7428790374765825285,226.61055555555544
7393585323265035550,17681.321000000014
7384217445483023658,578.3766666666666
7410953111407381806,886.4396666666671
7434336136325008670,1485.0513333333326
7433960739297119518,318.93833333333345
7389800171820879134,366.68433333333326
7411294143453908267,9459.361888888892
7404625387713580331,262.1931111111109
7384564522704473375,289.4898888888891
7391676969928150302,1006.8251111111108
7413571690506046766,8103.604444444439
7404980054305819910,3050.4626666666677
7410921495486156074,11426.144666666654
7408330551997828382,1135.3156666666669
7393859627189980462,634.9868888888893
7401260231151439134,272155.82155555533
7399410911917755678,2803.7287777777756
7429194506567945518,477.716111111111
7423545343700159786,319.4306666666665
7385759536860204331,4135.017777777779
7421332066609958187,1369.3955555555547
7409827060790676767,590.6808888888891
7392768510042049823,446.5417777777781
7393877888157764907,1511.1986666666655
7423601326522649886,740.9059999999998
7412094504733281579,881.3113333333325
7397634921117994286,364.43733333333296
7408346008079387950,692.967777777778
7399099730459888926,331.6154444444443
7428402455668411690,382.54066666666665
7412482936546528543,3728.083666666664
7432806064627961134,323.52322222222233
7414279868591951147,967.5231111111115
7414357488562113835,1648.4392222222214
7392379092047236394,8687.65200000001
7424328725845626154,1504.6099999999988
7402030212642393374,14404.249888888891
7413149414702861598,652.1151111111109
7394939279719533870,99483.4864444445
7429495331806530846,1673.9173333333347
7384208099479063854,366.63477777777786
7396906624683740458,871.9238888888896
7390130728203291947,361.8810000000001
7398325834991373573,4408.267555555559
7393533099671407915,992.0907777777777
7418783068321877291,627.2485555555559
7416151610063113515,3485.3226666666674
7417974793569340702,475.41455555555575
7426145740222762270,714.0661111111114
7387913861229284650,639.0796666666671
7422862437629578526,273.2712222222219
7425056551435570463,245.90866666666693
7402463776294964522,435.1056666666664
7389465990268079390,2033.5851111111117
7398011413949680926,1231.0332222222216
7387940894655204650,296.2741111111111
7429151801078828331,919.8096666666656
7425049888284478763,1120.870333333334
7397610200854695199,208.42422222222197
7409477636675620127,1838.6131111111094
7419906264303553834,1502.6812222222197
7400916924227538219,8158.573666666674
7409812314498829614,2362.074555555553
7418371126126054698,51.30811111111112
7387904107031366958,2297.133444444444
7413615471401979179,2620.8117777777775
7417675546617810219,300.37444444444475
7405412220718370091,161.16799999999984
7423552599485336875,14438.977999999992
7392380111326154015,807.2222222222221
7429181376232017195,6043.281222222223
7404639944607665451,414.60599999999977
7386481141475298602,272.43488888888913
7405740363828301098,844.6223888888892
7397980329518075178,99.1019999999999
7411321845099646239,312.41744444444464
7407647335175458079,1076.5621111111125
7426204568502996267,740.2770000000005
7427673339801390367,786206.1020000003
7407964198166187295,520.4562222222228
7417640663916891435,345.1571111111112
7421334231349054762,361.2032222222224
7394643458809482526,78705.41522222281
7393155109699603758,158.85288888888886
7389055343579483422,923.1926666666675
7385376428725947678,245.66383333333326
7404624283852361003,9385.179222222232
7393888991365303582,8039.377888888892
7432844466836311339,1698.1421111111104
7395021216920161579,6538.243222222226
7417654823195184430,5440.735888888893
7387604921912167723,348.08722222222247
7416878016946588974,3586.1717777777794
7399051885220482347,628.661
7432904961949814062,393.9398888888891
7392062738950049070,1773.6708888888902
7397608932140698922,48.04044444444445
7426951407426653471,1933.2065555555541
7414643627948838174,207273.48677777755
7413529952567561503,17712.317777777786
7407659871333666090,198.95200000000017
7403547364838886699,358.8728888888891
7387568270217399583,1133.926
7402038213172333866,172.003
7435495550570777886,197.15288888888898
7384226138840780074,506.036888888889
7426156184987503915,70709.60633333327
7403888715833036078,626.6381111111111
7412481194941615390,307.13033333333385
7425767818714434847,223.53994444444461
7429176531848645931,556.239222222222
7405750778125765931,2567.4815555555565
7418423349757513006,78.41811111111105
7394956769426083118,470.382333333333
7388275824815852843,301.3983333333334
7413929238719434015,427.6254444444449
7389395546789694763,335.3137777777779
7426148763854621998,16923.642444444453
7387623253986037022,179.89477777777782
7412445729928596767,42.06655555555551
7386794274102185259,306.82455555555583
7428060179461115141,337.7967777777779
7396096330948513030,223.25066666666658
7397988938532621610,558.9864444444444
7426127560964050206,168725.871
7392406370055687470,52541.44033333335
7433963610726075691,492.26855555555534
7385759988091735339,6527.733999999999
7407960793028873514,949.8831111111114
7429470210681212191,750.5288888888891
7424347815742180654,1325977.7696666664
7394978393663507755,413.3814444444441
7399451856621063466,1581.1924444444478
7413177451888643358,7691.034444444445
7420983408433712426,1002.8341111111116
7421311901050703150,248.0072222222224
7395369348954688811,1198.317333333334
7385310508477451563,1579.7131111111114
7411752500006554922,293.3225555555557
7418019661444304170,5974.976444444444
7420214805220429102,1054.8566666666677
7408035654761860394,13206.060888888895
7421699671292202283,557.3381111111108
7434381736315784490,97131.0805555557
7434393335806102827,688.1320000000006
7412501079780461870,965.6375555555561
7434741237187415326,30752.575111111135
7415009288768277790,291.0731666666664
7409887785135426859,1073.145666666667
7413951037972696351,229.95477777777768
7386467978436545823,345.4265555555555
7406188213590560031,515.2576666666668
7391330803961040159,609.3234444444442
7422102363718143275,532.797444444444
7434699757190204703,292.6422222222219
7390522133274709290,608.4284444444446
7412450576073592094,308.13133333333343
7384993660284226862,1954.698000000002
7408346024743390506,267.36522222222214
7393104856418012462,1517.4298888888895
7390607212562877738,2228.4077777777775
7429527771795213611,47463.23000000003
7429115416200514862,9581.000444444442
7397989780933446954,644.9805555555554
7390168145002007851,244572.7039999998
7403489412010577198,1215.217222222223
7420202525292285214,280.0254444444443
7407662104221617438,367.28988888888915
7405018691387034911,521.1067777777777
7403138903194045739,1930.3687777777777
7411339138198326559,736.423444444445
7423536406099692843,511.16311111111094
7400583379785108778,643.457333333333
7391659601374104863,250.20211111111135
7394231880704347422,556.2024444444451
7417973902871104798,321.83855555555584
7433603152902950175,540.9041111111112
7393476186833276190,880.1239999999997
7415040349732637983,157.97011111111098
7407953814550056222,284.9066666666665
7404259169257147679,242.24977777777772
7417996688855469354,4541.9599999999955
7423217575309348139,357739.55322222196
7423597346644069663,90608.56022222205
7389412793562189099,10485.091888888894
7427301817861688606,5888.775777777775
7400625372892548394,530.9152222222218
7391692231582698782,2031.5652222222202
7419112522751495466,1131.9888888888881
7403548514522778910,356.72622222222225
7396912869155130667,593.7157777777785
7435472789781499167,435.11722222222187
7416181436585184543,401.20622222222227
7426887257421958446,8879.220222222217
7423186010734906655,6657.521999999997
7405803983958199598,1025.0528888888894
7411721527541927198,69.39572222222213
7418021041810738463,98.82177777777783
7398682276789374238,393.32822222222217
7421682680078601515,549.3940000000001
7387578272801934623,914.2972222222223
7415840585912716575,574.8123333333333
7429540497309306142,235547.01133333324
7418711218753375519,276.5246666666667
7406144232680983838,34496.89433333334
7395757891275197727,1689.1351111111098
7384650381000707370,377.9673333333329
7412502563435613482,409.7036666666665
7429180400351710507,860.6396666666662
7400537034437201194,4126.559444444441
7386834799316471082,1084.7244444444436
7397991323946487070,254.99466666666652
7415744662327119147,762.6872222222223
7405448271184842030,480.2142222222225
7412467578381045022,348.45311111111124
7384207738194152735,160881.58000000013
7417625659117210911,2371.6642222222217
7420652608177671467,162.06133333333332
7394304270792740138,371.5685555555554
7413597389694520607,247.9219999999998
7435145254824709406,574.2314444444437
7385021925359193375,261.3612222222221
7406105632471928107,2496.8307777777804
7405019733315177771,1414.5421111111116
7397248928216878379,23097.61866666668
7411289704735214879,4124.848222222218
7424687664772746539,37066.31688888887
7416912243868126506,291.984888888889
7434328854686223659,433.8237777777782
7412430385163930910,466.35844444444416
7433245977491852587,1256.515333333334
7409133913538333994,121.37811111111117
7402796873834155307,12214.227000000017
7427626452796837163,145.4417777777777
7419873333925121323,392.72677777777784
7422855985095576874,440.4094444444445
7412485597073329450,1747.739111111111
7400910404077112619,313.7338888888887
7425461564997750047,1189.8813333333337
7395392344788421919,5735.018
7416195706639224106,415.132111111111
7396465420112235807,466.93822222222207
7391676062066904350,4347.7450000000035
7420956502799715615,2813.144222222225
7384965723157908782,594.3079999999994
7388736058030279982,265.9675000000001
7398764903433063726,548.7946666666671
7399069544125369631,1108.0573333333339
7405726670944079134,1210.736555555556
7413570592240291118,975.1648888888901
7401646933829258526,39872.935444444454
7402068083394809119,483.8446666666673
7424326432622382379,897.4806666666669
7385345708569693486,1173.3997777777774
7422109219245100331,344.898333333333
7425447425608781099,570.3091111111107
7396165030577786154,849.1904444444446
7404661490793434410,2442.913777777777
7397625282879851819,469.0327777777784
7385706382315539754,1468.7041111111098
7428387669748600106,10580.79522222222
7388007929259035947,467.3528888888883
7425761745060334890,813.3596666666664
7402753264329968939,621.3552222222226
7429131696487910686,979.9896666666677
7421724216124296491,622.3647777777775
7389437300385516842,4738.5698888888965
7418731282881973547,348.6694444444446
7394993627501514014,1048.7218888888892
7398759681117752619,183.114777777778
7420565279639407915,708.9466666666661
7418333689840422187,513.0724444444444
7423571586197802283,850.9423888888887
7390900486276140319,34.153222222222226
7429483207554239787,678.804555555555
7416914910610754858,343.163222222222
7397200214332804395,479.564777777778
7426543075331214634,645852.1543333331
7386073290495986990,317.956
7433271089498934574,850.806555555556
7395727968158387499,374.68977777777775
7397628773505469738,297.34811111111145
7415421255286852907,258.287
7385688108202773803,376.7816666666666
7392429503244422430,6446.982333333326
7400203776860245290,370.20822222222216
7398309651311234347,8556.601444444444
7400573500932623658,5152.53088888889
7415089683820072222,6320.933000000004
7418763502552354094,608.171
7421678934355365163,610.4223333333335
7397961414456921387,144.86888888888913
7405768514759380255,930.2699999999999
7384194290215292190,447.8103333333334
7384220441553931550,3747.7036666666622
7413563173460053278,262.2793333333331
7419105249551453470,872.9826666666667
7390147128095460654,16668.461222222224
7412042082845494571,282.39477777777773
7390526890731130155,134.82755555555565
7424291475522997546,808.9191111111116
7386844372823805214,385.56922222222204
7429479633801809182,108.97988888888888
7397238220934630702,450.5858888888893
7414299450413174046,5104.666000000007
7392380158306503982,20555.269222222232
7409449566048668970,933.0916666666667
7393521891736177951,3667.91333333333
7387204635402226990,275.5933333333335
7419496887725706526,445.3318888888886
7387191587433958699,637317.6653333328
7422055129139907871,300.0816666666664
7407958733927501099,5047.110333333333
7391684393229733150,425.0113333333331
7423578095937932586,718.2331111111107
7394287950034423082,314.40244444444454
7387977806220725546,272.1707777777775
7415018583157230879,589.745111111111
7412436688116567342,500.6796666666665
7399492643299822890,1014.0125555555563
7422072346523028779,358.11966666666643
7414662367805492522,2373.733555555555
7397651127405251882,970.1067777777781
7421720822710324526,649.8206666666662
7385661030044552478,5784.6851111111055
7387210998807153962,393.8628888888889
7429137248978832686,93365.43188888906
7385378949473340702,837.4068888888895
7407946642332126495,434.22566666666665
7429474647705537823,2800.9199999999987
7419087482718899498,1614.7621111111098
7405755305310571806,256.9694444444442
7417962811327778079,28879.356666666637
7386805681329917214,16662.301333333337
7385326811380550954,7963.533111111101
7424662171113573674,2238.3463333333325
7419114045502000414,424.0263333333331
7407615061453311275,7661.706666666667
7410173970349133087,449.40511111111084
7400605288950254891,285.1069444444445
7417599532331978015,453.1582222222219
7426887338879454494,999.412111111112
7405422473107295534,363.4655555555559
7417994164467420422,266.62688888888897
7394611768279960874,1216766.981777779
7411718440349650222,134.63544444444443
7413978540145691934,531.3987777777778
7400587994861767982,12235.120444444445
7401672503220948270,2572.9187777777797
7428801242513607979,3033.732555555557
7424695519026449695,524.7656666666669
7406185415310380319,7611.68000000001
7413180232292666666,5008.238222222222
7392737828322512158,96.46711111111097
7416150036423167263,2225.4608888888897
7421759909626252587,319.4123333333335
7428405699882880299,546.245222222222
7426580353407683886,147483.84700000004
7396131712410930475,1132.0839999999987
7409880060510883103,348.018
7402437259645209902,4953.069555555556
7410276316173421867,293.88388888888886
7386479017668431146,1015.2000000000002
7417286565950459166,1164.069555555555
7390959568236416286,330.42255555555585
7418426073605573931,957.3512222222217
7400920403461377310,774.2461111111105
7394683396213017899,444.27177777777814
7426509589551631646,8429.459444444448
7413941764811181342,3358.9309999999996
7423187689568095518,875.418888888889
7386836797763898655,1370.3998888888889
7414639136956501291,856.5457777777783
7410586725015194922,8308.296999999997
7412486808686087466,1368.6815555555559
7421356689506733358,210138.32333333313
7428413327778319659,7106.189999999995
7410594353971809567,1181.5082222222213
7416206642078895390,653.6541111111112
7423619917053807902,274.35677777777795
7418811331714813204,261.96800000000013
7412500704549440799,293.04133333333345
7421716009301675294,351.69211111111133
7402760736520375583,200998.61100000003
7387940079987117343,15684.427222222224
7390547712262933791,165425.58922222222
7414336594489986335,3771.245888888889
7384583807111826718,804.3635555555552
7421700147978964267,6892.353333333338
7391631415458286894,7132.079555555551
7414302742098791722,2517.0191111111085
7427240513650183467,722.2542222222224
7418726047237082411,426.0287777777775
7409871202946272543,243.02222222222235
7426880047652326686,2322.3614444444397
7387607338376498478,30972.133555555556
7385335423687527711,309.91800000000006
7417989238072905002,12009.395888888877
7419090879832411422,883.1067777777783
7424340079755283755,1003.3818888888892
7399434335159323935,307.40811111111117
7393876121831443754,771.9082222222224
7406092056805903658,1042.1218888888893
7398300188072299807,327.5127777777778
7411737910036286750,389.2264444444447
7405813426917838122,1268.8571111111098
7398693904343682347,131.7932222222223
7396480340593937710,1361.0534444444431
7384938782707125550,72.73322222222207
7422136488223051054,1514.5175555555563
7427304593211526431,107.02177777777784
7399049776521547051,397.49666666666644
7404977466608995615,15840.580444444455
7415369533105425694,260.62455555555545
7408692638674717982,1350.289777777779
7406527774657187103,951.7636666666664
7412075497997356319,4950.718666666666
7409153646144883999,55.344111111111104
7419102043446578478,1959.0306666666647
7406162407258688799,324.08844444444463
7386437133772344618,372.2491111111108
7410550382549568811,393.10377777777836
7401285975407824174,275.521888888889
7389409876788677919,204.00111111111107
7405018196538887454,515.6873333333334
7419834179300609326,1595.9373333333326
7420237283502198058,1641.509111111112
7408414454246870315,2398.201555555554
7428786851328068906,342.58988888888877
7416132061720825134,791.4761666666662
7425463726431784238,2237.6563333333343
7422136445646687530,1166.785444444445
7422108065907903787,1492.9276666666663
7404637204921765151,1783.643888888889
7413532885845675295,447.0084444444447
7426882962580491566,487.100666666667
7433631845595532574,989.1631111111105
7424690126892158251,10543.779666666675
7394653231030242606,165.79899999999978
7423572891662306603,4172.145333333331
7428398860076125482,31622.209666666662
7387934921131576618,1413113.5847777766
7405797687850716447,3595.40011111111
7429194802463280427,303.61233333333325
7415079556630990122,187.31522222222205
7421769778483711274,1115.9415000000004
7394267340382276895,570.8581111111107
7428741169024208159,480.24933333333354
7401318232746921247,125.3046666666665
7414713135371816238,904.570444444444
7423255738849709358,428.35377777777813
7413557456401468714,1894.5735555555557
7433973547501997342,285.8138888888891
7418407322931809579,349.99966666666677
7400153918958767406,112975.90488888888
7397232878892928299,455.6064444444443
7387962408058227999,454.0734444444447
7412097031897992491,6956.553222222226
7386826547283381534,213.5761111111114
7391270982087920926,169.52333333333328
7411346602905980191,352.15522222222256
7427257243063602474,73408.36011111109
7389081273282743594,1085579.7952222195
7416874334221847851,29867.22633333334
7404630520371350814,516.0197777777778
7426928790410087726,1886.596555555556
7426130132433128735,598.344444444444
7400200705757285662,1250.8226666666671
7391694418182704430,1524.5713333333333
7426498211457551659,1289.3883333333338
7391270074402802987,27098.679
7386126427684621614,970.4434444444452
7420244972831722798,789.6063333333333
7423939978398305579,690.9478888888893
7395371145811234094,642.0498888888892
7408717840070511893,6740.797111111103
7405360647837355295,33102.84566666669
7428452743657934111,1205.7056666666663
7392048635258719518,5272.1125555555545
7403175481480154410,149.97799999999995
7391295277342182687,245.51066666666662
7404999752087063838,437.64099999999985
7415795083406085419,1228.0867777777783
7434718322786143531,2014.9830000000004
7411731455103094059,374.19277777777813
7390526842165284138,326.56833333333356
7389791569789963563,210.0956666666666
7395763173988535598,308.01511111111125
7395014968787193131,633.619666666667
7415376817533603114,71028.38977777828
7393871366346378538,191.9689999999998
7405345256314604842,784.4581111111108
7392013294631931166,858.4913333333343
7392765150622715167,997708.0298888888
7406494219919002911,403.3238888888889
7407958796313709854,16476.700444444472
7405005328649030942,586.3211111111108
7396486794285452586,433.2586666666667
7392071545776098603,740.041444444445
7414326939764149547,285.1657777777778
7411660552721796358,658.1876666666665
7415074771622251807,15044.055333333356
7385375072032279851,224.84433333333328
7432890646857305386,47320.32377777776
7394214920243399978,1000.4215555555548
7435102753518554410,1583.2055555555567
7417277363672730911,280.64411111111116
7389045875340774702,691.2154444444448
7399445331496258846,482.2212222222225
7392789232990866718,591906.0255555551
7423566852946677022,136.09577777777778
7406127670599126314,372.7500000000004
7409445276374584607,392.6836666666671
7409070939159186731,579.7186666666659
7426571622296997163,256.46488888888905
7402761048425516319,334.5371111111113
7405388216347479338,412.1726666666668
7400939914210151710,570.3287777777781
7434731068416363822,1199.8167777777783
7409063076420439338,1520.019444444445
7414292036938927390,247.61777777777783
7397591399752846623,315.45333333333343
7415802972942142750,440.7204444444445
7427697244360527110,9676.9878888889
7419851640221502763,314.0053333333333
7390524849149725998,274.93677777777754
7433637669248175402,353.17633333333316
7386122183858228511,2599.826555555557
7429484852426067242,13982.383666666692
7398341588105186602,589.775222222222
7402475447348399403,12362.995555555552
7408787838575185183,479.68255555555527
7415033265473506606,240.84400000000005
7417686481138896171,309.1852222222224
7415735891953519915,399.6242222222225
7429156435293998367,155.43111111111094
7426959391649320235,1075.884666666668
7429504690691312939,10529.29322222222
7406521533587262763,1535.6802222222218
7415451125588954398,106.5074444444444
7400183156349111598,374.05822222222264
7393927459772615967,627.2009999999999
7427280797314338091,1205.5172222222218
7398344376931454239,367332.8691111111
7424330914492108074,149.0310000000001
7402417419257482527,11893.392666666668
7403520217629904170,230198.6986666667
7391697441206062367,557.883222222222
7394269507893710123,7246.788666666669
7410572452264250655,401.70211111111126
7416877283882929451,48082.43699999997
7424678877689236779,9900.543888888875
7417637732002090286,232.56077777777767
7385763054316981550,500.80377777777744
7401707036314062122,273.70922222222225
7385393224363298079,403.0444444444446
7402032588438670622,28254.881999999994
7419459162779733279,6113.912333333331
7388367973787979051,317.14022222222195
7415076410324225323,383.4022222222224
7395349771193453854,10426.403555555573
7402769289738079519,818.739222222222
7392012158646701354,699.3396666666669
7427313660143471903,66.07233333333338
7415057200667823403,155.71055555555535
7388656616301759775,270.53811111111116
7390189514901228831,566.7874444444443
7418006847904288031,59.39122222222224
7415783597669387566,459.91277777777805
7408411349820263710,280.7263333333333
7390929553293659435,463.0806666666662
7400560899569765678,17815.33411111113
7409521936637775147,376.9635555555555
7390560179575737630,266.15988888888893
7387907239320751390,582.9046666666669
7413896378117655839,550.8661111111107
7390150870555528478,2424.4307777777726
7389060738293288234,1063.0503333333343
7389853919880514847,713.5783333333336
7397608625608396062,348.2557777777778
7386450995456347423,311.51122222222193
7384569017698192670,22879.05777777776
7387994361423809838,2711.5508888888903
7428008341751778603,6965.180111111107
7391676165418716458,361.739444444444
7408007459274558762,2981.175333333333
7409872782395280682,289.93277777777797
7411328342760246558,343.8323333333335
7413953795765357854,464.1064444444442
7384205838946159902,4586.475555555556
7408777903455997226,1089.3724444444447
7423590217640135979,7237.042777777776
7411313010469375263,316.2474444444447
7409817456098725166,94.66666666666669
7421027348503416095,457.2024444444442
7402031780259187999,2973.313888888888
7413231410368007454,331.88155555555556
7418796798543760671,409.22699999999986
7428400373469121835,125.22266666666687
7393534257869655326,290.93033333333346
7384646781092564254,794.2824444444446
7392043535823818015,405.645
7412501848449486111,298.53188888888883
7397202894119914794,378.9645555555556
7398375738509921566,555.2361111111105
7413191358166338859,433.69933333333336
7389410299939523883,7972.69477777778
7405405618565025054,3787.620555555556
7395380884729466158,753.0864444444449
7422804191980293422,231.55377777777798
7422055727092665646,277.158
7418059234195148075,800.2305555555554
7392439337444445470,31.60055555555556
7426201928159202602,764.125
7384615726096665899,626.5108888888888
7402386216152321322,1864.0148888888903
7426145850578963743,442.184111111111
7425060092753595691,307.49399999999986
7401667201138265387,10131.273222222215
7424373934230965547,684.8627777777774
7401352705811156255,260.13411111111117
7410928844015815967,4823.692666666668
7418811668890733867,374.761888888889
7390907657181236511,13640.358000000015
7415824544738315566,2400.900555555553
7417652512456527150,953.6031111111113
7384200797862579498,478.2894444444446
7384651538918051103,8074.748111111105
7406147347962400042,180.08299999999997
7408407440187870494,1351.4052222222213
7389405534195174686,2531.6203333333324
7433242045277293866,129.72155555555557
7414639409133292842,836.4327777777776
7428457010745658655,794.3282222222225
7425861120734399790,469.26811111111186
7422827734713503022,512.4323333333331
7384991324551875883,204843.52244444456
7418021990528797995,1165.5379999999998
7422848513547062558,423.1309999999993
7395013590920580395,422.29055555555533
7421005258362572075,145.12544444444438
7395345176157310239,3051.7349999999983
7411293980782103851,2804.545222222224
7409899772582104351,501.11255555555573
7411355950931643678,1671.1531111111076
7384210748752366891,6985.198666666669
7413199182321716522,527.942000000001
7404661122374077727,16151.846111111112
7390548344591961374,815.0480000000006
7388002989950242091,881.2243333333342
7423168319676484895,49354.45427777779
7389834446398098718,1935.0251111111095
7421387240770768159,499.69666666666643
7411701659039960350,390.79100000000017
7429479586175700270,992.432555555555
7428354965422296350,315.184111111111
7426165053751135534,659.0855555555554
7396449474270334238,15176.702999999998
7400590618671500575,130.86666666666673
7413226082117127467,14943.748222222212
7410916635885735199,402.67177777777783
7385700771943271710,331.85577777777775
7391674164958055711,328.45633333333325
7434332219042204959,339.14666666666653
7393174771845909803,530.6826666666666
7394665196377165086,1475.2296666666648
7426176712678853931,1045.6107777777781
7384612071989595434,3654.14222222222
7387917671133711647,215.32877777777767
7392410545397321002,5339.360444444443
7388734732189617451,5970.2247777777775
7409097772030348574,803.7143333333338
7402770216675036458,4799.592333333333
7393484559339244843,371.03111111111093
7419844485183507758,82875.11366666667
7410234961267166510,5700.537333333332
7415052449582615854,3462.7177777777806
7426193187389082910,459.7516666666662
7391275170121452830,38.48155555555563
7419080611928771883,874.8305555555559
7412103961454628142,619.0060000000007
7421302050690026782,3966.933999999999
7385391242013723934,318.01866666666683
7395704637589916959,52.38277777777779
7423612668637990186,404.6558888888891
7390583732639501611,872.9132222222227
7402818629135240491,23406.682888888892
7429521137488416030,911.4947777777777
7400974734609108270,390.4177777777774
7403155002837044526,336.58822222222227
7417670279205309738,331.14644444444417
7403923427356183850,1115.7930000000006
7391678878466592031,1140.753333333333
7435056809792048426,7188.397999999987
7407261347248950558,216.23333333333306
7394214775208693023,311.947888888889
7405796677854055723,317.6123333333337
7397225642485353774,255.0378888888889
7404236881422060830,10566.637666666675
7420199931266485550,801.4921111111116
7398769156398632223,171.6453333333334
7410972324746317099,342.0934444444446
7409063994306186542,583.833888888889
7392774738935909662,296.9883333333338
7409133026657029406,933.5636666666658
7386072526209715498,1495.3748888888897
7413515903180098858,2741.6853333333356
7416936636124040479,176288.3747777775
7420240066334706974,619.4143333333336
7399828911334362410,4507.628888888887
7393855729213377838,574618.5227777773
7428414259564039430,10513.031555555546
7409429508723363079,250.30322222222236
7412435650852556074,540998.1494444449
7417967022186794282,1347.5351111111106
7412076007529762079,1199.7218888888872
7399882537646034219,774.0824444444444
7410945072314813738,4044.489277777775
7384978786787314974,98452.92322222237
7427278921097596206,9011.989888888887
7410571683066596638,15954.736888888892
7426158394865732894,318.0222222222221
7423565138298653998,28559.292555555556
7414307187301829918,21003.978999999985
7415640308932791595,762.7242222222225
7420625907574000926,499.84677777777813
7428774062236699947,128.0672222222222
7429172082665098527,731.1845555555545
7406112967122554155,853.1544444444457
7399829452454153515,1283.7204444444453
7403945581816581422,677.1278888888888
7419110357190348074,1198.6277777777789
7425100582362500398,486.13699999999955
7386115528089292075,25376.633222222245
7414328394302655787,297.03699999999986
7407952814707707167,67863.98244444442
7403215592431406366,337.0022222222222
7395728179446418734,172.11088888888906
7416128369642753310,296.21822222222187
7384649381527522602,398.2927777777778
7405386953018936606,431.1323333333332
7427246029818383658,876.460888888888
7432895600074509611,2785.8307777777786
7406127541037157662,262.8920000000001
7389110637177097515,16316.818444444465
7434406819713355050,727.5155555555561
7393526113064045854,465.6347777777776
7384588991645011246,369.94100000000014
7393477524841450783,187880.0145555555
7428431341378669866,156.39522222222223
7409854443404987691,269.014
7408009812694388010,986.2249999999991
7408723859802836254,18215.27533333332
7402757397040745759,317.16588888888896
7411708779101834538,1163.881777777779
7385711270911020319,1477.682555555553
7407211210476768554,15412.593555555557
7421357977300487467,321.7493333333337
7417251342273531179,365.3647777777776
7389486969291558175,470.4331111111111
7387225453666258219,315.51100000000014
7434737756632304938,2409.7529999999983
7422863792670854420,247.8691111111109
7393877716673809710,395.27633333333324
7410935561197767978,1785.6620000000003
7389429298513431854,425.19833333333304
7386847224535338271,378.8577777777777
7434319962510003486,492.75355555555564
7435093289830763818,7643.9152222222265
7434725332504038699,1196.4824444444453
7426190413448416558,311.96088888888875
7410591371179920671,27342.826777777762
7395797165081120018,279.67755555555533
7397858276051848479,178957.95755555574
7389085358765428010,730.272222222222
7426508186829589791,1887.147333333333
7386808668253211947,360.28188888888945
7429550850130955551,829.786444444444
7408689199785774379,313.624
7410208537277697322,312.75188888888886
7426581966616661290,467.5912222222224
7433233843039128874,5679.852555555557
7411004769935969579,370.072333333333
7407953193964981546,874.3949444444445
7405004465163521322,343.6874444444445
7422820823485943083,375.439888888889
7410615485181611295,1821.5657777777776
7390549844642811157,756.1863333333324
7405384879820606763,1283.4232222222222
7424276988698938666,11512.279888888901
7395742778300321054,581098.9678888898
7423221084461239595,836.9918888888885
7402756942117997867,224.35433333333373
7424290086474452270,547.3971666666666
7396106112946277674,467.6471111111117
7414293025767132458,9447.15922222223
7387172298576481567,34670.024555555545
7395377364697484575,18910.17833333335
7432808465459957034,3947.155666666666
7427261049834900778,1189.9186666666674
7399427337529429278,709.071
7435080724702760238,179939.18844444433
7408696909260541214,242.16055555555582
7412047249485679902,334.20055555555564
7426572787097046314,287.90433333333374
7414652786136157471,822.6796666666667
7384658635915283754,196.3397777777774
7416886351141932331,260.84033333333315
7415422246107237662,100.79755555555552
7400901739760700715,3766.287222222219
7409896220417740063,110260.80699999994
7425401813840481566,529.167333333333
7390885698569522462,702.2046666666669
7407213087398432042,400.90277777777726
7428803584482970911,1172.3485555555555
7392037595783367967,253.525666666667
7422831079054232863,426.47099999999995
7423946528668028202,2330.6956666666647
7435145331588730155,1145.266111111112
7393884164115696927,284.7967777777776
7404665414262721834,130.37777777777794
7402047185044458795,2479.372666666666
7434325592121642271,6091.647777777784
7393126972857044267,4512.626777777776
7412104607666572574,1978102.4248888916
7407672624114896170,110191.88900000004
7408952916758809899,280.3194444444445
7409841014501903646,371.87711111111145
7405814088690945326,1250.5795555555553
7420629384215661854,175.47455555555538
7401216473135385886,3385.8787777777784
7428744023260581162,25857.94211111109
7386074694400691502,321.4637777777777
7387551562073115946,466.5542222222217
7393887504690171179,838.0191111111109
7392423264657919278,818.8184444444441
7429536359775259946,529.6454444444445
7413163210586492202,64.11422222222228
7418427343095647534,961.8957777777789
7427239519386193195,644.1366666666659
7410540471920938283,3259.6300000000006
7394240374769749291,316.8685555555552
7435433515371580702,293.1912222222219
7397199518267165983,283.347
7391656205074189599,575.3074444444435
7425463730592320811,324.74199999999996
7424679155326815518,6164.429888888901
7390941776648965407,176.71088888888895
7384975315463884075,825.3408888888886
7425404345899814174,311.2604444444444
7401367601827319071,1559.1658888888862
7424271137091243307,185.33144444444443
7427336346739674414,320.94144444444464
7402451370042789151,7910.7877777777685
7419083184610020638,672.5254444444435
7412050237235236139,8489.451333333327
7405366255747632414,45825.255777777755
7397236729285053738,306.67300000000006
7389401052308606238,276.25933333333336
7423587347909872938,786.8829999999996
7405005366590803243,251.22444444444437
7428021862732516650,512.1953333333333
7434684474476039454,1701.530555555556
7427674700920196398,6834.754444444439
7427677617534307626,240.48111111111143
7414703870137584942,4488.5827777777795
7413968568519363871,2959.25811111111
7420597085763947806,1352.3465555555565
7391707854668942622,2030.4763333333306
7387953457883335967,7293.010888888893
7393111566373244202,609.3614444444441
7432862608870657326,341.65411111111086
7398746412248272171,766.0838888888896
7401269939644009758,478.5158888888889
7421325640093289759,431.11122222222235
7419884434129849646,16.84244444444447
7407986510944914730,258.7006666666662
7391662152756579627,1139.8258888888904
7409440263162072363,503.427666666666
7392400438450081054,93.57611111111116
7412433549002902827,194605.04477777786
7392010362306006314,337.1398888888888
7428760018683546922,794.5923333333336
7424299548216118574,788.4082222222223
7403879404184538411,517737.69411111245
7392366393653464350,32268.716333333305
7414285673793948971,1307.783222222222
7428403503611039022,118312.55522222223
7403179709447703854,1139.8894444444443
7395702380962057502,351.3337777777774
7399047017093270826,278.63766666666663
7432830428601404702,303.253777777778
7420197994655403294,1149289.0785555562
7418363876762209566,713.6789999999992
7418023249105210655,3143.7262222222207
7414728859125337375,607.1778888888888
7415452173561171246,3117.5741111111092
7415366432365579550,69642.53166666659
7410939575067020586,1073.1721111111103
7423567943436373278,555.184
7409100079493090590,764.4776666666668
7400186775148285226,1270.899222222222
7405422242064043306,389.52855555555544
7390187715951611167,10681.995666666662
7388288757750877482,20481.102666666666
7389094506659941674,724.4185555555554
7394256712141737247,352.26811111111095
7385005337599839531,22863.812111111125
7398318778544688390,302.54344444444416
7407572572998602014,15122.866666666656
7429510727162957099,20803.66644444444
7403889289056095530,4731.83866666667
7411366665675345198,583.2709999999996
7424684955181026591,477.9291111111114
7402046111126457642,290.76877777777736
7433987334225268011,585.7383333333336
7425019681985072426,2118.888666666667
7428748669303737630,278.0351111111111
7399109245708373279,1352.1678888888905
7410641001276132639,521.9446666666676
7391994807121464619,2210.459222222222
7434697327912242463,381.8436666666662
7396894001615342891,144.22144444444456
7390563466207202606,2067.1508888888893
7407231198910582022,458.2858888888891
7386444895021518126,343.32194444444457
7422797632474565931,3037.6203333333333
7413896888467918126,591.7881111111109
7399116811528047914,381.86500000000046
7427326243256798495,272.6702222222222
7424668385394347307,79565.2046666668
7424734365705342251,384.37544444444507
7391297011175181598,344.8163333333333
7399882442162572575,4614.979444444439
7392753239709469982,118915.78733333324
7420240423731432734,328.56933333333353
7386479916658740523,43653.88633333332
7401671748116073759,206.32144444444438
7401349194927164702,503.9696666666665
7409808195377515822,14089.965333333323
7429513742691470622,418.2359999999995
7415841107038489902,426.2467777777779
7428449985798343982,15357.169666666658
7390884949538147614,614.9977777777775
7423565359329922335,4627.864555555553
7396115594002697515,554.1560000000002
7398737483032169758,424.3901111111114
7415785975164521759,14449.248444444444
7391284620718804254,10360.059111111112
7407942572657626398,19889.786888888877
7428772005580786987,3651.2740000000026
7400572994130578730,323.8572222222221
7403887805530754346,743.639111111111
7403861678703660319,331587.55244444427
7432805940665109790,28.85711111111111
7397935923729763630,359002.04544444475
7387549450224291105,821149.5374444441
7422805796997680414,349.47822222222203
7402820144449326378,3571.56477777778
7423905602075626795,849.4856666666667
7394233244494892318,383.8711111111112
7429114678594391326,552.4124444444449
7392023382474313006,257.77399999999955
7423566376339524906,354.50322222222235
7384975234455194923,432.4114444444439
7391313412590013738,919.3677777777776
7411314497425640734,382.4558888888885
7388300575768661290,415.8936666666665
7402459256424811819,660.9659999999993
7390955703168552235,2950.5271111111088
7403555594726100254,475.59911111111046
7394611721924594975,488.5924444444446
7393475101947268398,1011.527333333333
7425077510485871902,628.818333333333
7415439420721057055,333.0182777777782
7419108535394438431,4227.683111111111
7410545239913499946,986.8260000000006
7407601716838878507,151.27544444444467
7427277291480239391,339.9096666666668
7429494536948239662,528.3366111111114
7394276654580763946,512.6170000000002
7415784315440713002,248.58511111111102
7390573434113183006,3516.8445555555545
7418363740065778986,80.00544444444449
7397247490451344682,319.9875555555559
7419885917193653534,522.6192222222227
7385409578894118186,305.92477777777765
7418391420458781994,255.68522222222214
7418047720272694559,198.854222222222
7426142121813560622,411.4924444444444
7401282422483979550,144.3918888888888
7428392245440662830,402.93344444444466
7398712692954926378,3337.442888888889
7393184866998750494,851.4267777777779
7426645205954219306,1973.4122222222247
7392808241819913515,1381.861666666668
7391713397437467946,982.8839999999999
7392743370382380334,166643.80822222226
7421354261365263647,597.7176666666668
7425397323137682730,295.59644444444433
7427309396188777770,358.03133333333346
7433201211123191083,5496131.056444454
7422043647048207646,1933485.1187777796
7398333365394410783,84.72022222222205
7400926389282606382,678.0843333333337
7411698199473311019,59048.6963333333
7394637768917355822,1324.3009999999974
7423977308807040299,3859.3955555555553
7434737854028221739,856.6823333333332
7417285567152393503,276.7165555555557
7405371741486271775,692.9738888888912
7423565447615794475,991.2116666666669
7384246234141314347,296.22011111111084
7415010112009555206,606.1293333333331
7404675602680122666,215.88288888888871
7414296285257141547,282.2773333333334
7390523524328213790,388.47177777777773
7434006204269055275,3273.9528888888867
7392404524104764703,229.0705555555556
7386432525863750954,2117.4532222222206
7394238013087255839,1947.9111111111106
7402033365307886894,385.30866666666657
7433273614125763870,98.72233333333328
7419877697960070405,263.02433333333323
7403907021793283371,821.5186666666668
7406146974061268255,1342.7066666666667
7419107614576889130,560.4610000000006
7410549605781343530,361.21522222222217
7422871160758619422,120.06077777777779
7421681017888460075,271.5511111111113
7384628990734159150,1390.0913333333326
7402379869973220651,266.92644444444426
7406476381699312927,631.0370000000001
7403885303758540078,275.9482222222222
7412397724315684127,1208.244666666666
7425072780091067691,890.4484444444444
7416193458890755370,465.02744444444465
7392759647817501983,5432.60944444444
7391618059313712414,241.0891666666669
7413523453179071790,911.7204444444459
7409141282305477918,1054.6233333333332
7417962764951358762,614.4083333333333
7428365177038310686,856.1273333333338
7426173028536519967,742.1797777777775
7426534529239747883,257.91388888888866
7425804025683070251,3315.8404444444423
7395001965681429791,11363.923111111111
7414304552649821482,812.4643333333332
7397633175498886442,318.816
7401309447311723819,1178.7862222222243
7412420268628413739,2892.133222222223
7425810821743234347,21648.859333333323
7419469291398991135,366.61388888888905
7419920115715575046,258.7404444444444
7395797472355929374,2394.7598888888892
7410546208587910443,5981.0311111111105
7426537411099757854,280.99322222222224
7411309505944014126,4313.286222222225
7399511829287849258,716.7763333333337
7392456452159425834,219.39422222222217
7410928245186530606,8774.89688888888
7422806393071340846,5443.485111111111
7425473112986127646,653.5792222222221
7392789739352460574,330.55644444444437
7422117280181407007,599.7627777777783
7429556138179398942,1069.3850000000002
7414270354371169579,1151.4096666666667
7387972373737164074,345.2169999999998
7404303303523323178,113.61866666666664
7399794064985525535,171.68277777777794
7423575228766342443,1030.575444444446
7391272165951212842,184.59288888888912
7405785138220551455,531.7578888888892
7420208140328881454,194.24511111111104
7421726215226117406,465.73444444444465
7388695922991009066,1280.9366666666676
7407573631355669790,330.9878888888889
7414287083763813678,619.7301111111104
7394592740350397702,397.2148888888886
7389766090827582750,540.4764444444444
7395011225014340894,9155.558777777771
7394982302985522474,356.63166666666643
7385715521993461035,310.24100000000016
7403963843250048286,20458.31044444446
7426555081799028014,274.0578888888891
7399798481210150190,6855.164444444447
7408313822072589611,1349.757777777778
7415087716926229803,46532.53644444445
7434751498032041262,333.3838888888889
7429120050323377451,498.3994444444443
7399074442372042015,279.554
7390950304927190303,260.8154444444443
7413979982831111467,1309.8928888888884
7385032194659519790,16771.32700000001
7399130711396994350,29198.546000000035
7426131866073369902,501.7521111111112
7410977040255520030,2796.605999999999
7403215844567993630,426.55344444444404
7415382715802914091,282.05000000000024
7424323460253355294,52.200333333333326
7401636916422233390,3282.6639999999957
7424343569210625323,383.27899999999977
7410919058075323679,390.46755555555575
7417962335760862495,933.4073333333338
7414652824337894698,1542.1731111111098
7435505012756811051,1896.3389999999995
7426509863552830750,626.1666666666664
7384650426488163630,889.8747777777783
7429130221267471662,275503.71055555576
7417220970450275630,9528.626999999966
7433993027749694751,4214.077555555555
7411321398553005355,12784.424888888896
7422070036170313006,250.68877777777791
7399439888107490603,418.89377777777753
7387946037543030047,1473.6607777777776
7395347777754107178,3189.7574444444417
7394995129813077279,873.3263333333332
7434688133653941534,2589.56311111111
7395335796217171231,44624.30277777779
7393872571625655598,2175.3263333333343
7386820448887115039,1110.9193333333333
7415773987801746731,536.3238888888885
7426127455632624926,15217.045111111105
7394593932732075294,439.3358888888885
7408399626933521695,209.69344444444442
7435450968231169323,465.25866666666576
7384958968801643819,228754.5502222225
7402440601930648862,389.01444444444434
7391684930637434142,330.432777777778
7420628578267614507,374.95722222222247
7400175078136237343,59006.286444444406
7390174496969313579,274.8553333333331
7415091474326392094,845.9375555555556
7390949881034083614,1088.5854444444449
7418407990132264235,1796.558333333333
7402014563706703134,52.82355555555555
7409077490536451374,14390.892444444442
7397223601818193183,352.8984444444444
7420934047406345514,1227.8103333333327
7413973540946447647,793.2072222222218
7397216429583387950,2623.7171111111093
7434351818521546026,778.6022222222223
7405811640848977194,390.5548888888887
7425835742619897130,526.1875555555564
7419116935801081119,347.7191111111109
7413927073997229343,1714.1215555555557
7415806527010884907,2504.185444444445
7433223089904962862,20700.070555555558
7399477175247736107,372.97977777777766
7389762134814510367,178.11233333333345
7425061552123809055,271.0825555555554
7428789083301760287,2157.497333333331
7392799139525905706,328.87955555555567
7412041596411055402,357.2273333333331
7420634230360771871,148312.77355555556
7400547092852231466,2671.9063333333356
7422838420533185823,654.6086666666664
7394628134496111915,5378.425888888888
7389759003435322655,275.1315555555555
7402811680847187230,843.6548888888891
7409089860654370091,463.7780000000001
7394296628699499806,4064.703444444447
7421026940259241258,258.3064444444445
7420219389502590254,6234.391888888888
7391702047705419051,309.18733333333324
7411376323433663790,1026.353666666667
7387568878630554911,687.3545555555556
7414728041760361771,217.66366666666678
7411282557955902766,303058.3411111109
7406129827213970734,1340.3735555555559
7412479882413739294,304.4857777777777
7389833470991895854,522.333666666667
7417682275447508270,965.5460000000003
7415829781188496683,221.9104444444447
7390575846794300714,2714.4840000000027
7385734873874435358,89.144
7420532840263093546,316500.63922222273
7420253717339065646,288.32844444444476
7387619489321323819,324.0712222222219
7407987450754108702,28590.957444444466
7405771667294702891,810.219444444444
7409839206001921310,7795.335000000004
7426877895395511595,1748.6274444444443
7396847273331805470,5977.648888888887
7415098182683692318,54.625888888888895
7396132135070993695,13997.526888888888
7415062399251746090,869.7388888888885
7410603768137436446,2126.0693333333347
7417236381262662958,858.7767777777786
7395021725181709610,4066.731333333335
7389790968330849579,759.3143333333344
7396847794872585518,80927.14599999992
7404696080832711982,2098.6016666666665
7409434203864960286,5841.84933333333
7412406045437332779,70.15900000000005
7384996826140675370,255705.5988888891
7384177529092951338,15581.618888888896
7402829820079377706,370.9376666666664
7434698104529636638,286.68133333333316
7414354779746520366,455.903333333333
7426904506631195947,6545.749333333335
7433636212595821867,7081.063888888889
7397946877745941806,4048.6512222222213
7421323513392500014,25494.155944444457
7413602348443979051,389.87133333333344
7428420588592565534,607.9894444444442
7418775394477690142,728.3575555555555
7405074231429434666,1900.5535555555543
7384244962147224863,218.17966666666632
7425098600004259103,251.61911111111084
7408029716524829982,95.2977777777777
7434306667946216750,270.1422222222225
7400568327317376286,2365.9012222222213
7386105612838407454,151.91077777777767
7402764467605474603,206.73388888888903
7435144045095046431,800.482111111112
7426892737326124330,1020.3775555555558
7396900133901765931,339.4186666666666
7411662092454858027,54468.657666666666
7395048856699931934,5140.710666666665
7415782991638646047,620.0512222222223
7405775275440622879,532.5266666666671
7417594077740272927,382.8467777777781
7434746174243949867,684.2505555555562
7397989392343633194,11328.642666666661
7400575752732757278,804.1346666666669
7395727035122928938,9300.671222222221
7385040354476723502,303.29288888888885
7418359889262677291,20193.246888888894
7419476934427528490,22564.636444444423
7400546820079881515,358.19922222222226
7413904215707274539,516.0131111111107
7404998521616829742,623.4855555555556
7426577289946828078,2689.7571111111124
7403922131957927211,571.0351111111103
7407944191050829102,776.4121111111107
7403561005999197486,272.8795555555553
7389105842294918442,645.8106666666666
7422064119609560350,365.59000000000054
7421322222842858798,747.4443333333326
7399130715872333063,339.9972222222224
7409503720368688430,27680.0917777778
7395364013825150251,220.03611111111135
7413141517268749611,382.41600000000017
7397207203486256427,423.74911111111095
7396916759581723950,257.8041111111108
7387602190556286250,676.5970000000002
7415374934987361566,335.7891111111112
7393109796469181738,387.4404444444438
7413586858757737770,649.3439999999995
7395030877329280287,4935.386555555556
7420974792897056030,300.3204444444446
7392010755287158046,679.1259999999999
7404310282740305194,2131.550333333335
7390523393218465067,122537.74477777777
7384628081870245166,2769.022222222221
7404271436468292910,192.56977777777752
7397182928503016734,376.51022222222196
7405423723009805599,422.377888888889
7428453037666012447,897.1885555555555
7401715606006861099,286.8998888888886
7387194466446232874,282.90944444444455
7401653302292712747,4114.498888888887
7410067510256586014,15310.237222222226
7428046001941875998,332.7824444444445
7425790763197304107,970.6462777777791
7397249940738641183,14662.55955555557
7407267518143810846,335.8451111111114
7398711093570424094,222.16244444444442
7433935270132731178,30.00222222222221
7421361063314165035,1018.5373333333341
7432884101369171242,1523.0103333333343
7435062566386208042,111663.70288888882
7427984750708641054,627.8755555555557
7403553346818264351,547754.388333333
7423624614137433375,526.4728888888889
7419826217752235307,357.33444444444456
7424366271946296606,290.3193333333336
7386823742179036447,322.28400000000005
7411296399871986987,726.1465555555553
7424660409610767658,613.473888888889
7427320815466630446,2539.623999999997
7390593407628102958,152.9726666666667
7384222971503643935,804.0965555555557
7391274577176857898,302.32733333333374
7398763861739851039,390.5592222222221
7419480557064572190,2663.8981111111084
7433639541220625695,3540.1478888888882
7405787979882450206,72.51722222222224
7393870462691921194,1328.6234444444449
7395712868814982431,195.80133333333336
7405396096056380702,231.2357777777778
7417253919266508062,252.03177777777756
7392809026574241067,599.5350000000001
7414345393607118110,1060.408222222222
7399813193058536734,253.51544444444414
7391641386103180586,2020.096333333332
7384215709175303467,322.7097777777776
7420255519769726251,835.0628888888879
7407238514791714079,18949.16144444443
7403956966105632042,500.4997777777784
7397925631989910830,316.40877777777774
7426504778697428267,962.603888888889
7422103375547780383,429.9225555555557
7405758071080865067,4554.199444444442
7424314072436346154,434.2724444444441
7434352135715753258,35294.41333333333
7427983673896471850,267.20844444444475
7417995856667856159,1431.2677777777785
7421364191363157279,172.80888888888904
7433621400809721118,457.30777777777786
7422799659157949738,104015.20533333333
7394503051006070058,2371.0592222222194
7410608286975773994,337.80166666666656
7408705219636350238,338.74211111111146
7402475307711614239,469.47244444444505
7400953027705720095,19076.91488888889
7417667212971871531,453.5082222222218
7390583781482073390,150409.66677777763
7400991550794206510,253.22455555555536
7404670311439797512,66.12811111111105
7389030163775802670,380.1463333333334
7425412958114565419,6424.385999999995
7393125863388106026,431.54488888888847
7393488937379007787,928.7883333333324
7394981392234351914,829.6567777777778
7392408974978633006,237.17216666666647
7391295919955643691,291.70577777777777
7415389048744742174,435.8587777777771
7386433041842867498,16764.08600000002
7402104921715182890,821.7257777777781
7420250489054399774,462.7986666666664
7405719824472771886,585.2981111111102
7413515026398448942,427.1032222222225
7408693604736093486,238.24655555555523
7410577958945213742,1057.2611111111107
7387977599709973790,659.6344444444449
7388339268659285279,5509.848333333336
7429488993735216430,323.1552222222223
7406111082701540639,526.1080000000002
7410638715850132766,915.0021111111115
7398303833174052127,428.908888888889
7404676802074955038,688.199777777777
7413152220520189227,49.87733333333334
7385685381670309151,37604.56788888887
7398680462928907562,1458.445333333333
7415070418379361579,926.6594444444457
7415379190825962794,1481.8491111111107
7418426771290197291,1895.7168888888875
7401366086882446622,46823.13922222224
7390132937213234478,584.0645555555558
7393863251278236958,304.11511111111105
7409156415337549086,338.1454444444445
7411687727206370565,19958.32877777777
7427650044528102702,28773.574222222214
7392028351105469738,3047.648777777776
7409113777397845278,2363.166222222222
7425801710494289183,2570.5727777777784
7390971737870978335,1078.8337777777772
7389042384044133675,3268.955999999997
7408025601296157983,367.5898888888888
7428029867456793887,324.0608888888888
7395042696022199583,451.83055555555563
7426559630605585707,369.4868888888889
7422047759345290542,598.2797777777785
7387571071106452766,444.5831111111108
7412431829036272939,310.29799999999966
7419097685698907422,4353.357777777778
7435054873424448799,439.56177777777776
7399497723420020014,294.8729999999999
7386832410144509226,5893.462555555551
7397607270172986654,425.03211111111085
7401283645484453150,35.340444444444465
7384986591766498606,323.47044444444424
7401326802653760811,386.81600000000026
7390182466851458346,26844.432444444446
7433964973220547883,10009.21611111111
7411312175005961514,25510.906333333318
7409155770203245855,220.49333333333314
7428024565424590110,158.34400000000028
7421334057016904990,5037.504222222223
7414653124926835998,597.7412222222223
7396469033534573855,83.57611111111095
7385714775470214442,940.3428888888891
7396153835502243078,423.7727777777781
7399830816072715563,381.5351111111114
7426201561354751262,303.4695555555554
7435116170954542378,505.7785555555557
7389018811032227118,10305.638111111104
7393164226103184686,250.5218888888886
7422847051060235563,344.03244444444437
7385739143155911967,740.6951111111115
7398715259399310623,219.7641111111112
7424286338498710814,128377.99099999998
7429548979001576734,557.4695555555554
7418706873316166954,23115.30088888888
7411011085492374826,310.32988888888906
7420569432470179102,439.6098888888886
7393495679752080682,263.8862222222222
7407591424826330411,33476.9555555555
7427331543414115626,40496.49933333336
7388735665803939118,294.922111111111
7401705067717463338,326.50888888888863
7402465850764119342,1524.7241111111125
7404233930360081695,358.76700000000005
7425405465346968863,355720.1877777784
7384268286478961963,774.2695555555549
7394220417432489247,70606.25166666655
7418794472605060382,408.3789999999999
7387264972746771743,394.79022222222187
7400627157136985387,638.7745555555556
7398690626209877290,2900.4760000000006
7396508112410234143,13557.092
7386822923509681450,21778.670111111096
7413887679235902750,710.858111111111
7423543226662997278,624.3031111111113
7403501553912532270,59849.85677777782
7400200043073948971,867.1152222222217
7419462744371662126,1210.296666666666
7394985085138685214,155.21377777777784
7389442116524576006,3497.337666666671
7389426539928014122,981.7743333333332
7433243865911397663,316039.8951111107
7396091979941055790,1240.863388888889
7389810738694491423,3091.5343333333344
7393182645661846827,1235.2154444444432
7403180293621878058,2005.0204444444444
7391642736333507870,496.99266666666654
7415075881254800671,276.4179999999998
7403205645500992810,3413.7458888888887
7386821720834903342,311.8716666666665
7429117403713277215,742.881555555555
7393885728083545374,688.7473333333331
7407673307933199646,8246.337888888887
7401263255882157354,275841.25844444433
7417646560625937707,520.6374444444444
7387982409435761963,1428.2195555555559
7423197632501239082,1083.1408888888898
7392405826482441502,23793.287000000004
7409098773156138282,59969.77500000001
7402400321349094687,247.44211111111127
7404985500823604522,8932.362111111113
7390141646425378078,326.80077777777785
7409099055852440878,813.7780000000008
7402811882513501470,551.4965555555561
7429139506273570079,1049.0926666666699
7404990186536389918,18988.56677777777
7429141481102871838,566.2415555555558
7403536376764976415,403.5174444444439
7432846600185171242,1467.3739999999998
7399093323484482846,1354.6622222222215
7397940252259781931,275.3567777777783
7435467370174663982,382.06288888888844
7395751963989789982,2198.374222222222
7410872449270566175,347.6623333333329
7384955766727314719,412.2714444444446
7402452533760871710,583.3982777777782
7400985690684591402,10908.046444444446
7396915547872464170,39567.504888888914
7395781228487593246,289.455333333333
7397558528992398623,659.6123333333335
7396084910055804206,251260.96299999993
7411284322440826154,459.21222222222235
7388684143795719466,1260.1756666666672
7406527129829084447,1345.0034444444445
7402075471078346015,28136.563222222234
7415766063951924523,348.7111111111108
7394254935401041182,245.2975555555558
7433290902900051231,52.54633333333335
7433291301946215710,229.69255555555551
7390885619674778910,711.3978888888895
7387927824692284714,1417.4763333333326
7395797910517992747,840.2261111111113
7395707047188139294,853.7791111111105
7427621655494610222,846.5591111111113
7409454663973522719,297.64388888888885
7422058982417763614,663.6815555555546
7400568243666210094,2902.286777777776
7396880238975651102,232.59700000000004
7426553863844547871,605.3580000000002
7412415480448699679,318.95122222222227
7418010790654938398,14742.465666666674
7408398515107286303,12674.527444444439
7392411611270565150,2466.5424444444448
7420236162209729838,1638.2655555555557
7407579149717507370,664205.5807777779
7404645857737329951,173.46022222222194
7402388655412907310,542.8242222222221
7427668420923018539,243.69066666666663
7393871185320234271,5987.320333333333
7405781010484333855,13661.078666666672
7420661047238888746,429.79688888888893
7397558101219560710,842.7846666666667
7425822115888139566,5481.025888888892
7395333920432180486,424.0171111111109
7404271536078605574,6583.406888888886
7404628338523819294,20661.356999999996
7402378671798914334,984.0223333333339
7405385756845296927,295.0548888888891
7432898291513265450,680.7851111111111
7397193857647021354,10279.72133333334
7423256022145355013,288.68688888888886
7396889460236930334,363.978111111111
7426212771651570990,2381.2919999999986
7386080345180884255,356.076777777778
7393848827318390046,208.46922222222202
7425762074661326123,766.4582777777779
7399079724623957278,368.2146666666665
7422084993142361387,283.17144444444415
7391299849964244270,301611.29944444407
7397238971648019742,1439.1371111111123
7393132932124364078,153.85411111111114
7413891095492332846,924.9822222222222
7395726327942303006,342.60655555555593
7428439199319133471,19015.415888888892
7398675865569135915,478.35894444444443
7432846427950157099,30867.221333333353
7390519295307975967,311.0823333333333
7421780641076792607,1992.4347777777778
7414318888621591851,5701.088777777776
7419883383829908782,1004.166555555556
7429098654780247327,666.6463333333328
7386471720183532830,768.7443333333338
7434768870398905642,2627.539333333334
7406094288574090539,890.9506666666674
7390157210262752554,2183.3868888888874
7390539514910887211,26547.526888888897
7397941061592567082,5272.822444444443
7390958580263816491,42038.128555555515
7400231177900002602,990735.3517777775
7408393297476980010,206570.58699999997
7400909681876553003,465.16311111111116
7398009986967751966,36.94588888888884
7386092848254340394,7836.518666666665
7415766593763937566,510.18922222222227
7413206594357415211,1860.4353333333315
7410547298008091935,239.38033333333345
7405439946170846495,246.7672222222221
7409526103712222495,4689.090444444439
7410202833171074324,1961.79011111111
7414655896195763487,173.88288888888894
7434012629510704415,1586.9843333333333
7404303508939296005,344.0006666666663
7414640331418766623,7027.754666666668
7385753698322107694,304.65777777777777
7396450490755599646,2958.058555555555
7394227114775711022,353.4523333333336
7408706357488127262,10509.534444444462
7402665178577243423,910705.9962222215
